Australia,Belgium,Brazil,Canada,Chile,China,Colombia,France,Germany,Greece,India,Ireland,Italy,Japan,Mexico,Netherlands,Pakistan,Russia,Singapore,S Korea,Spain,Sweden,UK,US,Vietnam
36.74884366,24.00537714,39.06882017,47.47626725,10.78255476,12.27750313,79.69391198,29.09062199,20.4391055,34.27925915,24.99729276,10.64079953,32.02961289,73.43843916,23.76710105,20.96486141,24.88481911,29.48955603,21.87943437,35.09230866,29.82144653,61.94202982,41.05069773,70.88342158,23.40895384
55.85943359,24.37410747,46.07621127,26.5673178,26.87945509,13.49576552,80.19199893,47.66023636,35.55669392,43.79543201,18.07326486,22.84363977,17.7735591,30.24226331,18.43160423,37.45272739,54.5312447,15.01578843,38.1983944,38.4104885,41.23914665,79.95215687,34.48527686,56.40489593,20.86363956
29.8895042,38.57149633,22.66796856,26.46180992,15.32185266,21.5068864,57.43870172,28.30106499,23.8735329,16.82482203,24.9003344,12.43386243,11.9158065,72.49381115,20.93482381,41.57010158,17.65223451,27.9100571,47.26968236,23.02452692,58.21125141,0,21.42389473,25.25297546,17.91925874
29.74212206,38.72164047,21.95831381,36.94837648,20.74446976,11.81584946,62.64584514,44.49481581,26.29739341,31.94181626,25.5029283,13.42730379,19.21708192,45.79899835,35.19643957,14.47880927,18.76571342,28.49548074,29.014155,28.6504451,39.21451733,75.82040506,41.67448797,33.65454607,18.55014459
50.89292056,13.61878996,26.98474839,23.31766915,20.99377759,15.68367517,84.20340671,63.32036792,22.42741342,33.40527849,20.67757516,4.320987654,23.2457978,20.31806737,27.32378942,36.6243596,20.80368997,24.5247343,49.30093138,25.65775704,35.65173016,79.81119848,41.09715984,51.56077062,21.82598845
46.42025564,22.35538313,17.35831123,21.13483225,17.47802267,12.08702143,0,67.32984312,38.65458557,32.48623204,38.80281631,14.46208113,34.25862363,49.05168276,20.30995017,12.65792248,22.5449154,24.27348654,42.37235041,67.61682883,23.84690076,51.34777021,29.71434663,72.63384351,44.01817698
72.24309933,26.37482184,17.48895365,56.2081624,60.72095096,58.29097709,53.82371804,42.52997028,28.89266382,36.24583418,69.95596645,17.30299022,15.27786712,61.68579791,26.19420076,34.10280655,15.65589693,24.69448709,68.25747816,41.16981634,37.95483614,79.95164299,44.23208277,23.64338903,50.18894105
46.87929656,27.28550969,28.23747498,18.5611708,36.36930001,5.080897637,53.17008817,35.5439378,16.94489812,35.23976465,24.18760169,33.5978836,20.03537245,33.39040099,30.66961511,19.72290005,11.54728914,16.11512332,27.72695929,40.15466844,37.28366156,33.95729402,44.11024537,36.0437152,5.915015525
37.67802652,15.26624831,21.95132549,14.64093859,22.50156378,9.075757802,46.17592706,43.73218774,19.14914979,23.88941846,37.92200102,7.877718989,13.12811112,30.78812362,15.36370086,24.62897913,12.73153865,50.26162636,44.58745746,66.33586805,54.03456443,46.77601928,34.49521685,21.01638644,40.84306764
33.38376814,19.34768278,25.20775605,21.24649996,24.85610539,15.26938856,32.78689693,27.10194543,53.55514577,34.31663073,37.5855807,12.72478899,38.01085661,43.17507934,23.22691841,20.84304293,33.07121395,28.63996043,44.72661139,30.98092156,46.27042419,61.86271008,36.59168034,36.07347079,70.91513305
37.93642108,20.33285079,27.08037339,43.14522244,19.69787148,7.97750519,31.94140126,19.70728198,55.76843256,35.23605438,12.23783118,47.35449735,33.71791419,28.96316129,26.54219734,26.66522409,50.1308202,14.90005326,22.18508223,68.18234317,39.56022977,63.62756358,28.15827364,43.96576074,56.44401527
26.79229692,22.31479557,27.58369512,65.58717467,13.63633747,16.90190498,45.42129983,23.14912855,19.3899128,12.92672023,19.96852573,25.92592593,32.59530682,39.21700437,14.70673207,13.70128753,45.22248102,48.0735884,55.41508117,52.98050815,21.92782028,40.86576401,15.80496448,35.27979424,19.28402604
19.06530954,19.39304142,31.22376499,26.98262126,24.05226859,20.73910779,31.73207234,18.26505423,27.46228922,34.72989808,21.70765921,7.556797085,35.34186442,37.38090263,23.21957497,15.98237947,37.03248051,43.85560217,37.65741129,37.92429412,28.95049127,47.07227331,25.00796285,20.21259087,30.29992688
21.30156493,11.86955829,34.07865291,42.67010224,24.01868589,18.18088938,39.85742591,13.92925476,18.19295959,34.93222685,12.86389946,13.40388007,39.31311545,13.91529583,18.28474776,21.01636126,10.25889481,31.65636341,19.35505398,77.89268803,29.36494275,38.47571997,45.34793958,18.59980956,27.02517216
16.40661124,16.2327594,57.1807046,42.80530565,10.03213962,21.3620615,29.92306511,17.11909635,35.35313082,16.72389292,21.4842665,21.34038801,30.37596272,33.20791164,23.88432046,17.79487364,9.676331741,26.77997745,18.94680627,77.32160317,23.54948931,36.79885769,20.77842887,17.47187673,22.9141553
18.51712103,13.69494614,58.37386048,12.72333418,26.30023421,14.06875327,39.71476797,13.69385677,30.70111022,40.5007263,33.52912554,11.36586322,31.07811363,20.84492368,16.96772962,20.86049873,22.87738704,20.30118924,26.77025167,28.13641824,23.81712033,48.08228503,42.76299016,19.85915489,21.03245779
15.44445803,16.48524093,41.66286996,42.80692814,37.29720394,12.22731222,30.16822114,23.74042918,18.03751873,44.72746131,18.90375729,73.80952381,49.17552702,19.61513088,30.7681727,26.36669071,31.89644586,19.01540745,17.27525443,54.62643909,19.37416081,45.88890249,51.23988725,21.47687976,20.62271028
15.93071419,13.41123157,35.26977396,19.52230952,12.0591676,24.16158491,31.8623942,26.60379166,20.7232421,24.67381113,29.3132091,24.33862434,37.74468816,19.87436814,31.15901177,15.51213508,34.98567909,47.33632648,33.21133434,36.96999247,20.72083975,29.95694916,18.33072517,23.477636,8.965103645
10.96636408,12.61998044,35.26977396,23.15885117,17.1767012,15.03154674,31.71650738,14.49999861,19.58011869,35.09586413,37.08379922,2.679419346,64.86237565,34.07455468,30.79569101,11.29469716,22.51570291,29.59453192,24.80818893,28.67330966,22.99602808,35.99942544,30.07433781,37.72501592,14.54536001
13.00779328,14.08783816,24.1000035,40.12434193,19.42617662,12.63106676,41.63818047,17.30083643,21.99675995,28.72415583,20.12872866,38.5361552,45.94047068,14.35233173,44.91445731,23.10039844,27.41751571,32.72307462,20.28944257,45.19866756,27.28279199,44.43098521,27.47005213,17.42981573,35.23309697
12.27376258,17.98379718,34.57774489,25.21187722,15.64310512,17.36562635,36.41576961,26.83514024,14.0960647,16.24133897,49.54011031,4.761904762,16.76462634,18.23364193,24.03094387,17.94318436,20.99173626,67.86213863,22.14543653,19.48591435,29.58954056,40.46381673,17.75574267,19.09750766,19.2998554
23.43197539,16.95466552,35.71398431,52.77085159,12.23518817,30.90843845,33.24979972,20.59306632,37.63602681,29.41970434,45.33817647,4.697196094,24.26554876,23.31033019,35.89481599,31.21145755,16.45788079,58.29432079,28.18741852,18.52969264,32.72093973,47.11831552,30.14216873,27.73693304,34.61897434
26.29123792,23.35698108,30.34719867,73.91123021,11.86361877,12.47016572,33.97032488,22.64324303,38.97225752,67.63795383,25.6552402,17.81856261,61.23972683,20.79334106,36.96980832,23.02944625,22.37637301,32.05519354,20.33587769,50.55312206,57.17852898,27.89623519,28.62406761,30.4050095,37.42176381
11.51600966,23.35698108,19.94259568,27.58985796,20.11943755,32.76861601,40.31532964,23.40749419,28.91749239,15.49935553,47.33678033,12.55419606,34.31466585,37.20216888,21.7621533,10.83710111,21.49839341,34.42072245,14.35897941,49.61842823,32.81715708,35.55740146,16.60141946,18.65920596,17.13905931
22.27236706,29.79840262,24.36733354,30.56054922,9.899153357,13.34959416,60.36680348,23.21576961,52.04858465,22.65048616,26.15080551,2.683502738,26.78121776,41.88335829,23.59482525,14.43199543,19.24230438,29.00792787,29.61471719,26.7671497,19.60836773,28.20968498,36.77837175,42.31281403,28.95028222
23.60161281,20.57942213,32.76085922,27.9795708,10.01437124,14.95825332,57.96947429,41.64767697,31.61228375,24.79677585,20.68734477,1.469723692,51.11623979,15.70998836,24.58981251,17.79942075,25.34431718,24.75369173,13.28166621,41.6183915,21.77161629,33.43420528,35.42170885,20.25748105,26.28932876
32.55860182,26.80771591,49.99070079,30.93330779,9.999717616,14.61287031,37.88657337,37.19151321,26.98471401,18.06717481,29.19593083,2.028218695,33.68096328,16.02306724,21.17565496,9.676343426,30.84109586,53.40202004,23.52855137,20.2321608,22.55813269,33.85711377,19.85935998,11.22169363,20.68492345
31.96640823,24.46152017,55.76412688,19.26483173,13.44643192,14.09622644,47.44248589,35.45294351,33.69085891,22.48109806,28.87584951,2.91005291,66.65400856,24.20276011,29.00377981,14.19560454,32.04078582,50.75854894,28.04156953,21.39879027,23.95428005,31.7760653,33.01100223,13.27129883,45.78837928
36.39132737,12.60156767,24.48621097,25.84366477,13.28748211,13.04702934,57.88513724,18.63294202,34.5189393,15.58267786,22.77264773,1.587301587,42.39157009,25.28629828,28.69907656,9.4337909,22.89341003,34.86610718,18.46451203,33.00862969,22.78373511,36.66934585,31.24520055,22.98366956,41.96217232
15.89450039,21.55626064,40.82033291,22.98728099,17.74586779,15.33532356,43.59606789,26.08522671,27.07135023,15.44236309,39.18180702,0.462962963,38.36924651,13.65136539,25.92541992,16.61554196,21.9967257,68.60125999,21.17448864,32.85274698,21.89507461,30.84849857,28.15089043,20.96236372,37.18868977
26.98361305,18.05798738,43.52140874,16.80813461,18.72086598,16.65769908,59.10177928,49.35621223,30.54367142,19.72066874,32.34069117,4.592070024,18.72575596,13.40844784,42.86672245,18.30407734,25.74147795,56.85444518,22.36563129,27.24587011,30.87076662,30.5071682,21.41325078,19.80809024,58.21077993
24.7188555,12.13223823,42.75794934,19.09408421,18.29178572,8.199349181,61.39378346,40.00720893,19.41154625,14.96734752,31.34417883,11.77662037,40.15722399,12.9389341,47.33820311,19.97864963,22.41978954,25.68563226,15.65394361,32.41616757,37.90689381,39.98379727,27.09708746,24.73455169,55.12548855
21.56583366,57.20808427,49.76258547,17.53953968,11.30113246,21.87750043,41.62990747,38.42712916,24.99793286,18.15007884,35.27761307,16.15488788,50.14054299,35.26726301,26.55852544,61.19998228,24.1600377,52.78313972,39.70877506,60.06121273,59.36721433,30.88752036,19.42060865,45.74971539,36.52225554
21.52664833,29.39700526,66.43514149,33.49640048,20.82063141,27.56659584,75.17362878,47.85788385,49.23588107,26.15441684,37.18603282,9.455581402,38.39632126,57.27304713,55.51339579,45.75192343,33.02833068,43.89282009,28.66742583,22.18607456,32.5714525,40.26442887,35.82985178,17.76150951,22.26925109
27.36487272,55.47901124,37.09666524,41.1232491,18.87792568,16.8079319,76.40814793,29.88897242,67.42587562,35.89713703,39.12419282,16.65233686,45.35624567,27.51881711,43.62249063,26.20719479,18.50158702,13.01769911,22.4963983,28.88249982,29.74948471,32.51869279,35.82985178,43.61302772,28.84562938
12.87348475,63.44941117,54.67640004,17.32309743,8.412589048,29.72229636,52.98227873,34.45180472,28.79545785,17.38685625,50.64633346,23.28703704,41.30001634,47.16715788,29.97382818,45.70569198,26.42314343,53.39748206,55.56175047,35.24928548,36.48430728,40.49176993,18.12766712,26.17512223,25.24588067
27.68002191,22.30594888,65.18696122,37.86731961,19.49192866,36.93784921,68.0789072,38.75845502,47.30426437,38.56847398,56.00965896,3.21247983,23.74146797,45.39366751,50.8054758,24.30340973,22.6939045,68.69352879,30.34766554,22.00035657,24.57567816,34.0373373,31.16448615,33.50721471,24.17330041
22.16898146,27.59760839,30.54658947,21.66758757,21.40229086,25.26027396,51.85383279,38.89429474,29.58544909,47.31366838,26.31102945,5.800126764,40.34287256,23.18941391,54.52918498,18.51691069,43.82688926,19.58975691,32.80710402,37.25618048,37.47510113,36.96550903,32.31420779,31.63659457,25.40145339
19.65580096,35.82931664,59.56141523,19.13283134,6.150809138,36.98765655,35.84997722,41.485383,18.39182082,22.67301862,40.77103144,6.929134823,22.68117508,44.78507664,23.08810731,20.81930622,54.36077969,30.56389478,36.62618321,38.69421569,36.62242736,41.05603281,36.16025333,28.69393944,28.28942046
24.64491323,27.42369224,55.89738628,34.36257663,19.33738213,33.13245389,52.36092798,37.75273658,24.47735319,16.42438044,39.94800949,6.747664772,29.55559177,36.08334068,73.8294646,44.82590976,26.05244565,37.00143125,37.18948266,22.88218474,26.68975532,28.95679495,40.17121163,31.94471143,24.0630063
16.56522124,20.12713308,26.29610577,21.39233435,20.75924397,26.74945817,33.46169363,36.51402746,26.0493938,18.1122618,25.43987492,1.697530864,44.61933382,14.71024829,86.14629719,27.54029254,19.56689516,12.41650528,13.42376163,39.51616188,22.80852008,42.07382014,40.17121163,26.78011615,32.03160195
12.23212835,24.96771752,68.12223382,23.0824617,13.54792401,34.68287761,36.74526744,31.40476219,18.88579788,13.87127424,32.93187704,4.05643739,44.92444277,54.84468778,38.01967234,23.92071623,28.57964489,28.20083847,33.55174465,40.87378171,31.92109595,36.93693131,57.45056675,38.26625228,22.70000407
35.125808,17.72316379,72.34086942,25.48509446,19.90897172,26.72545971,31.96818212,41.06928574,26.80050959,12.6984648,24.50831961,1.968462824,26.10983732,31.38462833,72.65985284,23.79678185,25.01840078,32.27671296,32.43091036,20.17688208,21.43891254,34.63077626,18.76679182,24.77927907,23.00707555
28.10637569,25.57688451,31.34676006,24.90080717,19.78303433,12.54961893,35.80487223,41.61246335,23.95624145,14.60007212,20.88519937,1.814058957,47.8010287,20.83518698,70.52739203,29.61258474,28.33940438,28.11274482,21.51191574,41.6577395,30.05046451,34.20022145,44.15793367,14.71597135,30.8554194
25.76671408,29.89271763,55.54595419,22.40218069,10.99674249,48.56947803,31.62101349,27.52486196,27.58080595,13.81971382,21.31964168,1.587301587,31.03761348,58.96048602,32.10621641,52.09400182,27.69210482,54.64002305,53.61050419,36.90275506,34.70024311,40.77066693,55.41263129,28.46625902,24.25842852
24.0012689,24.18971808,69.76700321,39.09683393,20.3673884,16.37542531,35.50602385,37.36919425,35.20759912,10.9940095,24.56951918,3.405017921,32.31944185,23.93137011,55.91448181,44.55077497,26.87292309,53.92302889,49.07381093,26.00365856,29.49379076,34.05434575,28.22914976,23.95255954,31.35818719
28.19294841,26.54691098,28.10925256,46.63846296,14.41238661,13.03980784,37.4101653,19.01857791,41.74596938,13.7494823,29.36268937,1.785714286,25.37659087,15.38457738,46.63519625,27.80507147,18.90999754,22.76528887,19.8835903,48.54781575,31.6354483,34.63885914,29.32633709,23.26670364,83.00718107
10.03509629,29.11186831,57.55913813,47.88315323,8.594811201,18.95236135,39.11979604,21.52757534,20.1937385,9.16703391,31.67889183,1.785714286,22.65613424,39.27540136,28.04877649,43.06770635,32.47451668,52.20920635,32.45306574,45.69347407,28.04115996,32.88493994,28.07885487,18.85748312,32.84356514
18.16723295,23.75210781,66.36612911,31.19683454,18.9103399,21.00735712,32.27375586,33.39728757,39.96665815,14.31041926,23.82754406,3.260901095,19.54139734,33.3777937,55.2295801,24.57485787,33.98088311,33.95321724,28.31693072,31.02867638,19.60835154,30.63115369,29.01419399,14.18975956,33.15644241
24.7468637,38.57884772,25.64526517,22.22472913,18.84603251,24.92252229,34.80502697,30.4807708,41.41602513,15.95758035,25.30625149,7.389770723,22.52939505,23.9533474,33.66479633,27.40981143,18.30006807,15.51359852,18.57349066,68.72164337,31.61164638,27.85679714,37.92612429,25.08732641,33.65258952
14.44712009,21.97045994,32.00988509,19.66732158,17.4709966,16.07174703,29.02759473,29.60947019,27.40356617,8.85373422,25.28486591,2.292768959,22.98255854,38.61293116,29.80592934,36.07783836,27.43689385,36.94448624,30.06207625,79.09528506,22.30938815,38.5204343,16.42437594,18.3005592,29.00201458
23.41971562,22.51358684,16.85776338,32.04699707,25.23973319,15.54620746,35.18679093,30.29610303,36.35203523,32.41513036,71.04756268,4.926678526,31.10628403,28.84834708,31.06023966,33.74325403,26.95866557,31.69532422,22.50369179,46.5292096,22.2584459,44.45082694,35.73830192,12.84110229,24.48046102
13.86043119,39.3468549,12.86186529,23.02231601,25.1911225,25.33191226,34.58009387,29.95279403,59.00702707,35.82880149,16.53134273,6.73973293,32.94054835,27.92850423,33.03272256,23.03575831,36.39604524,16.37985992,18.36396791,56.91065408,33.59807,37.15105034,37.53471867,20.13185524,27.45187703
22.36222638,40.384941,16.75070508,26.67840757,13.56514264,28.0428053,29.40228951,27.91622616,22.22712984,16.13848982,22.57898831,8.15696649,43.59187848,46.42310308,31.48884487,39.84375861,35.52249131,25.78885971,36.23025652,45.17119894,31.2962449,37.02612339,17.96639187,45.47277981,19.34062425
15.1714051,26.6829686,12.05661379,43.36534471,12.39312285,29.55642468,34.37583108,35.19049965,55.91248555,43.01039907,24.23658865,21.19020062,24.12173079,57.43799452,39.5528569,34.53215482,31.50231761,27.12920426,34.21931236,21.30189323,25.87209688,45.50099872,40.03719935,33.83757301,23.94545422
16.76423855,56.78971297,18.55677754,53.01575334,12.77173939,24.33473429,33.14270399,40.72261153,51.69360559,37.80349723,23.50723039,4.268550013,41.82633933,18.49351249,41.85083079,25.71755138,26.19353968,10.53668318,11.48376083,22.28029979,33.12604995,49.14309124,49.36551999,44.04701718,29.58934665
17.69325922,43.32996182,11.99811661,20.43161058,15.65558038,11.26364781,33.44977367,28.73053986,29.36254814,14.13836527,22.66624776,6.679393138,45.07413365,22.29435832,25.4962907,57.0078464,28.29624281,25.21102063,22.18360636,24.91537988,27.90500371,34.38833285,24.10113398,32.30302804,22.01707027
26.85531287,30.40571106,13.23146614,12.77260582,12.09790195,21.04677999,47.13072031,43.55215342,52.94346927,39.05763171,16.80436624,6.35872615,34.57398018,38.86164446,33.62854809,55.78138048,27.90408818,25.73545107,29.50842997,10.83739458,20.06238964,48.04102886,30.29254257,48.49916999,51.3905935
35.36939704,76.11026071,19.70850724,45.81731762,14.9336566,15.81938197,35.25111779,60.39856696,51.85460279,53.18378409,15.73746964,2.09018091,63.02610085,18.81353866,30.35922453,30.7955144,16.1775426,12.36118375,23.27376644,37.40881087,68.55672751,44.45183226,39.20769065,52.49488817,26.0044789
10.18243019,36.42242211,24.08035742,46.55859498,9.423815648,33.92485247,32.53626949,43.7435985,25.44499086,9.18802246,8.594492218,4.025573192,27.7218559,31.08456736,34.22914156,38.93787656,59.35432799,11.6453385,10.32034238,35.66697917,28.90073416,31.93287582,27.15263009,32.38392922,22.95060455
22.89417819,28.94409058,13.25217121,20.07394831,7.242029597,13.19394567,31.52991989,23.46366316,22.43765156,12.86754027,14.20048261,4.265873016,19.6601356,26.49140176,18.07894241,16.83581763,36.78781994,10.5123079,11.38254742,24.4170769,23.38727344,30.46014875,28.30305989,29.19789725,16.46628097
26.22448231,17.87209161,15.22463694,30.36154882,6.466570441,15.68188754,26.0801435,29.01961201,23.62552636,13.3212043,11.47671643,1.499118166,20.89493364,28.3515868,20.34362827,14.34949005,37.84531413,28.35443651,19.34831201,27.9054633,15.5491645,33.63266631,28.1904309,23.7427592,22.47838489
28.83804561,17.46133571,34.83142276,13.57308837,13.02668913,24.56194733,28.6366187,46.18332923,22.79088389,27.09438482,13.93782968,2.21718317,25.00045573,13.93701127,31.19877506,16.00810863,17.42837866,19.0602013,9.819199004,29.21689178,15.49313108,47.19079984,20.67486417,29.90946559,14.47368244
21.1481399,30.25981578,18.00228447,10.01044849,10.20363894,19.1868476,31.97159232,40.46196223,22.64867534,17.03911595,17.19025541,6.098710317,16.75422784,36.31806968,28.30029676,22.99722769,18.53297438,16.95080968,17.12182991,19.53188532,21.36009733,34.62610046,14.04346499,25.78437613,11.559873
33.27175985,18.08499533,10.99637982,27.34536896,10.82463333,10.14764137,34.19295583,33.53330435,21.82751643,23.08755908,10.59071544,3.430335097,15.57863429,21.89222006,25.30050787,25.68556772,58.52508463,19.26726738,17.25072703,32.04221428,17.60094536,37.10616333,14.83276846,10.53163449,20.40453863
38.13673206,23.42369831,22.674949,9.867192392,11.51881114,21.61007863,35.38818987,29.78901107,17.05144541,15.85840964,9.981465556,1.969429747,19.87270533,36.56289578,31.95236354,15.2916688,24.57339189,18.06869592,15.16613771,15.21673385,17.84273929,28.84842918,15.584397,11.07408608,10.45883434
18.7635499,21.1850951,9.766865123,17.50159732,15.16929036,16.06110509,29.77479774,26.58971466,28.92035638,29.11704755,4.02290336,7.985530957,22.7207458,40.4868867,20.92003769,23.54189166,25.94219172,20.14862569,10.52017463,17.95988092,20.94630894,24.98214562,31.41258438,12.31514254,5.786887214
27.65573441,23.49242934,13.84849036,7.872522398,7.191010546,12.39258989,33.39305764,19.28368837,33.34253315,16.19075757,11.82376469,4.078220794,21.62106089,34.04287781,22.07629886,24.17338849,22.93786671,22.67683982,25.60099283,16.62737204,18.1769012,28.59942714,25.86844336,20.89551431,26.31713357
24.0908179,13.5141779,11.21475622,24.48393218,6.831213265,13.30117066,26.82424211,22.93046,23.1630145,18.39116186,19.85332999,1.744072114,19.47942397,21.56326701,19.10745381,19.86519675,23.3412861,21.7475351,16.17219186,26.64657762,23.83867178,39.39233982,18.01455325,18.87972033,13.72134249
29.78638872,18.42891402,35.04364541,20.56262183,9.760668465,14.36379358,24.21340583,24.37898021,16.99358717,17.31693536,18.11359999,1.940035273,17.80848711,32.26268727,21.28919497,18.19429828,20.74470713,17.80102546,17.70400145,18.80293789,22.99834339,33.72713134,15.79391287,13.95776659,52.33699031
27.15360967,15.43968588,15.6014373,12.49484451,6.082708569,18.71969753,22.27492396,22.72349166,13.93688521,17.38062818,9.183103031,0.786867454,14.75268068,25.22936912,30.0944827,15.20281901,17.68251468,18.50276155,20.21785415,23.72542762,27.86582753,34.99589131,13.79140428,24.3393321,29.92538383
24.22650007,15.66438361,13.86366456,21.84232176,8.548810234,9.138730218,23.32119346,26.65463517,22.28233116,17.04449156,17.84647802,4.357914462,22.32173059,19.17767326,23.29436449,35.0527664,9.312446741,17.84943785,16.5901505,14.9368687,34.38998039,33.80072153,22.78026846,19.85002907,26.98869187
16.81540314,25.18252578,9.088919198,10.61731635,3.845189046,16.74410536,28.26573053,20.21974288,47.44701015,16.22381946,10.22970746,4.482072711,23.11980513,11.84394689,23.06529241,26.09649228,14.23066401,21.97356035,13.21512509,18.97388186,33.07161778,31.26775465,27.25280474,18.90040572,27.87510403
24.67562228,14.40015257,10.93201164,11.07914358,4.22902615,10.64246059,29.11730929,26.43843135,26.09612717,18.83159196,7.176842226,5.460548417,13.29626336,17.54496202,20.83103536,24.991841,17.98818723,15.08877823,14.27827588,20.35158716,34.57569793,32.60510913,21.81300746,11.20340756,24.39382492
22.35779936,13.11845644,8.780235678,12.5102675,10.13600843,12.99572045,36.24961911,21.62062317,31.77585795,14.44008002,8.35488042,3.528207092,19.14108229,9.877143112,26.25553613,35.81835225,11.00161096,16.33535036,11.19243521,18.37275389,33.93927463,30.86345493,19.66629322,17.32253215,17.92936181
15.25464078,11.95355093,17.12760153,8.751043351,12.62799242,18.2163021,27.1650449,27.60293698,31.13179217,11.04049057,22.18027476,3.797398589,18.40857409,11.35319109,18.32849807,28.03790739,12.61880047,13.42015174,12.99088578,28.966354,32.74193633,24.84634183,28.56460693,21.38636653,23.21712791
12.45797484,10.30086307,11.54698506,12.64301828,5.21040307,21.89317758,23.08893163,25.64852871,33.49087643,10.25995279,10.83403321,11.22346018,33.54676715,7.781683447,27.119716,14.71702348,9.793552195,8.781461623,7.698079726,18.77686566,29.0692184,45.10182658,42.16696224,36.07418654,30.46889685
23.38454491,14.79566298,14.09098677,15.00278378,11.06866189,19.18206999,30.27444587,27.37349604,39.52513392,20.28203932,15.70053619,6.339216821,25.98502813,23.50538161,17.88646714,35.79209303,13.85198843,15.56197881,11.77595682,35.4212633,26.85299898,36.68875719,34.4842022,31.0322634,20.70359936
12.61375183,13.93702107,34.93455028,19.51923519,5.961755582,14.45143522,26.92154617,31.36855964,24.48430581,7.713767867,7.964967404,4.617634091,15.89486788,9.331587226,13.83717924,13.9823725,9.038818874,14.944794,7.839216275,17.32613329,34.09190889,28.64450153,29.98594901,19.70201769,14.98141618
9.440437465,21.54586162,32.7816296,22.14370867,2.989980388,8.453286344,31.85007972,25.31157961,29.03401802,9.620792463,7.476690389,7.38037499,11.59629802,13.80495446,13.94649377,34.51913491,4.641814712,11.59235021,5.798580405,21.0050774,19.48329171,24.85713002,26.55839604,29.01640155,27.64115218
15.0028405,18.0577201,15.34533628,8.819347426,4.829018191,8.512436831,30.14404863,24.69390855,29.41667731,6.735456962,11.79000568,4.914694787,15.17797296,7.541241105,17.40493519,13.18638424,26.09819409,18.39737235,10.97502468,16.43835071,27.14120271,24.71502631,34.44185954,19.82488046,20.74348693
21.39058986,20.23087323,17.44580679,25.25136579,5.448046704,30.8683753,27.99988503,20.4877318,29.6558411,16.58934677,20.3787431,6.79122575,15.96355149,11.43816786,10.78342719,17.03938217,10.99583208,13.3308359,16.95297613,24.10897836,20.00187136,22.03718854,27.52261816,16.64253782,16.14948748
20.52128653,18.36672486,24.37695807,29.04445144,3.045469509,11.78417149,26.11625953,27.53248619,23.17086784,8.356620071,14.72171179,6.402000371,10.46987096,25.33316021,24.11529765,14.26871873,8.135900298,16.40968558,7.39697305,12.63781363,11.15189514,27.41270815,20.6893578,17.40047162,19.27750815
13.31697197,10.60011336,21.44587394,36.5150543,8.049068493,15.64099984,27.25609517,20.81938243,25.36032077,15.23753138,12.14903604,7.379610459,12.10226436,17.45785424,12.19604353,37.5483505,14.39785672,18.47943081,13.2548991,23.0695004,12.86681072,29.93482495,26.64293833,24.91469568,11.67834065
24.73226069,13.4823346,10.82115512,25.20650721,4.844554485,13.21528727,34.71222697,18.37219321,15.25464716,16.27138958,18.8423877,5.889211098,16.38130297,11.67891917,14.47139469,33.11222293,10.24183793,12.28110231,16.55451134,22.42542637,25.68103282,27.07110467,29.12623786,26.81872041,25.52335534
29.32266936,8.984291802,22.35835772,30.70542646,14.81562713,30.13169352,43.99683782,35.25963495,36.78906001,34.4065107,21.65414044,9.650966868,21.97208206,22.82004927,29.35917409,56.27625133,22.98595303,20.56814495,20.60717955,41.91332207,43.26267948,34.9464917,36.28027337,33.67128443,29.1756691
15.42299078,23.1258207,18.05334277,17.8998955,9.179207918,31.24109923,33.78208818,39.9967084,15.17590205,17.79863661,12.12907421,2.610229277,20.84405813,7.099802337,10.71421561,20.49105329,9.489147968,8.915863805,7.921405043,22.25291167,31.28415232,30.34908325,25.99281248,21.19547548,16.46514323
24.35996479,13.75506948,25.59045794,19.87534813,19.98620173,14.12423244,27.43718607,23.62337234,23.5951612,11.32939068,9.658125336,3.542034098,20.48989966,16.31483221,21.02832057,26.19565444,11.43719952,7.894495393,15.17495281,24.74049837,33.22396429,31.53441099,29.58325608,53.2481464,15.94817778
15.68571774,12.3042701,12.09848737,10.80201309,8.636123469,21.6159955,29.19690591,37.87701379,13.03856356,8.128970627,8.347801234,3.122730574,21.57664116,20.57454661,14.5783049,23.36991922,7.60102791,7.623582338,6.32298833,24.63474623,28.83077166,22.55495249,30.6195077,28.72826899,15.13569255
18.83218868,8.234530239,16.15874009,25.08598107,5.521278568,28.46107728,24.87682639,29.26377103,17.88830902,2.99186824,13.66310318,2.414021164,12.92602378,20.84763542,23.03854551,37.29564097,8.520663403,12.50873794,10.3877422,19.43062535,19.49248644,23.93715859,37.76451671,30.13547295,23.06941816
21.81109501,10.0040138,11.94750321,14.81461983,8.549607962,27.51595254,33.46008632,24.30775271,23.88832962,3.905494106,13.22034557,4.094230285,18.12565972,20.1963321,10.19238738,35.3228073,15.05609023,8.770683682,7.695307018,16.28455322,24.40297487,22.01285736,42.25336441,27.26258036,23.44855777
14.85407341,14.30058105,21.15842894,34.38838123,10.78548718,33.42343074,27.7223163,25.73162045,19.35956137,8.676352918,18.89605453,10.1425966,14.52310186,12.22803007,6.70171052,33.80210521,31.0468453,18.01477987,10.89326304,22.32446314,24.60705666,25.68326828,29.40695807,35.22490485,22.11592256
27.05992836,13.24089155,9.645586575,34.37059416,9.990537181,36.43405863,28.07150521,29.04828133,14.64596314,6.088808202,20.51317871,6.053162006,16.7492222,11.34568283,16.01062842,30.56020752,29.11882636,10.63482976,10.98363157,16.83857316,23.16832241,24.56728829,32.17393421,24.9975172,29.72708228
24.81854499,6.458270545,13.66418259,58.18490005,11.40500171,35.08077718,29.73390683,43.98898893,16.77914816,5.461888519,10.03382014,2.979671401,13.3273181,10.11808851,15.72035468,48.25795106,21.0791469,16.81336539,18.69633181,25.5366108,24.63316366,23.45423049,36.28265286,41.54877802,24.19580322
29.96578508,14.80475001,15.6656503,17.74776126,14.58793845,37.65123889,25.26459997,29.44869387,10.94492226,7.237387671,12.08845128,6.081900353,28.37600121,14.85483034,19.87435112,52.42377029,22.38385493,17.98646254,8.292241498,20.51984771,18.72584207,26.36283742,24.76107462,22.92483395,33.76879285
26.916155,21.37517067,24.19980616,29.99163819,20.13603055,38.06807337,25.64252732,24.82279371,19.70151741,6.318172064,22.61321766,7.882553606,11.55861243,10.91331683,22.20595833,40.03769309,26.90190448,7.654410608,11.81871072,29.01942641,26.37314284,29.71979773,27.88383568,32.46487573,23.00298524
29.65603177,21.15185395,7.289112852,42.40897863,10.51637852,19.4445969,31.63895923,29.10351939,12.46655572,9.017958711,7.356770341,3.253504131,13.63432835,13.00384021,16.35105925,21.00503915,39.81077241,6.871514372,13.6971336,22.74351222,24.14930017,21.03558779,27.42146499,16.54563603,17.20132352
24.31858224,18.08018195,15.58116478,18.84589272,10.4581635,13.23863507,29.31932089,23.96319571,19.82298319,7.028520554,13.8520773,3.322911656,12.61111291,15.86357524,34.30704635,9.497339024,21.98809759,10.17200338,16.80967075,22.9523439,32.29595088,27.37006749,35.69618053,11.78452175,22.39320127
30.3780464,26.24613007,21.88087314,24.51802968,14.37307004,23.18172729,31.95273925,35.42620604,19.50895246,17.54221691,18.84216757,6.116347002,23.67486767,21.63249182,14.76574079,17.71317359,11.38163105,26.85713416,20.90349761,32.77837249,23.0550074,27.51606087,34.36804656,29.22432081,18.95510467
25.51351493,31.60897297,16.74218896,25.5995861,14.38397363,15.47964229,31.92727016,37.94899642,26.5180491,17.88610461,19.26385811,13.04091081,23.84681845,17.24705142,16.02369539,24.67442137,9.250648662,21.39216285,22.81720231,28.69503207,30.57571434,28.3759365,29.78131892,34.10320096,17.73219306
29.16883569,28.07352065,17.49791686,26.01817693,16.41058376,18.5954605,32.39351204,32.6454107,17.49251244,19.51765358,18.00157198,11.66363536,25.92538471,17.17267899,16.27387741,19.87693746,9.671683824,20.9731683,20.79754081,27.22244149,33.80273565,28.62077056,27.5156429,31.69276413,9.048599421
26.23254937,28.26851404,22.58119242,27.61314286,16.25093051,15.68746972,29.22237481,33.10264533,18.38643721,19.60543696,19.87809612,10.34586555,26.49170039,27.89701486,18.10248688,19.75879503,10.05627765,24.58045474,22.62851012,26.16948485,25.87897886,28.58381148,26.1289384,17.79888659,11.49297263
22.44825591,29.56714768,19.57949067,26.24879865,15.79018233,15.38781656,29.65564707,35.56762688,19.69396179,22.00764621,19.46703245,9.657265684,28.44085646,26.49000518,22.42683931,21.03726457,11.18112463,23.53173384,22.87765563,29.09107891,25.67799743,26.69230801,28.4640747,17.27457465,11.65419582
20.87533398,29.01462734,16.44919906,35.28124446,12.38000035,16.71892186,35.40774729,29.4786868,22.11843965,18.33546089,18.16813792,8.336899575,28.02585281,25.00472649,23.31534928,20.25661772,35.15660389,24.09973725,28.60847704,26.58830299,27.7376516,27.19250714,28.74412598,18.86407273,12.81054154
23.30898652,28.03430062,16.39778877,34.21676756,12.74951951,17.1478194,33.75685547,36.68474093,24.90671311,23.78878516,18.61012575,8.6585097,31.68593275,25.00472649,18.75225889,21.67758877,30.44766197,26.11717097,29.83442977,23.96964531,23.43987477,27.12916101,25.32685115,18.45443316,13.71365091
26.74306625,36.13131662,16.03635933,26.28205662,19.83638062,14.87184334,30.29190141,37.76404554,28.42749347,33.96964288,21.95917935,14.11141424,35.47591651,27.57235627,17.22872709,25.11880257,20.6507441,25.19526191,29.09137365,27.36576404,26.8696166,26.60249176,24.78903787,11.48728587,13.60420357
34.32390692,33.572411,16.49495649,31.92683259,19.12930688,15.53077736,36.38679873,40.61081283,23.96144507,28.54233195,30.22810947,10.48442525,32.23631634,22.63750974,13.73188365,24.94443846,30.47743065,27.27613776,28.74598962,27.3647786,37.05564907,26.32125736,25.64347225,10.66791965,19.91620696
30.07175121,31.58468531,18.1339423,32.31478862,19.89852644,15.25363918,34.82037943,36.03144401,24.2281159,20.11467498,23.90739834,10.38068005,32.41127879,22.87166549,13.36104674,23.89357039,21.70523321,16.85508524,26.19403001,28.62584065,27.75746799,24.86451405,24.22056388,26.39715838,21.75890309
22.9723905,33.65607177,20.02663956,32.21896354,19.53428462,14.16748458,36.16869237,35.75222083,23.13149444,30.11047622,24.97028982,15.06672113,42.69708442,24.23648889,14.98238072,25.29774131,21.98796762,22.03416192,29.64070363,26.36559843,23.90734618,27.64643565,22.95139792,25.29467742,21.13986756
25.99976352,34.25844096,21.95785982,31.85727602,19.82629679,13.91563675,41.28184777,33.4345322,27.9812258,24.13503261,24.22073049,15.83749755,34.03778542,22.76589439,25.52913016,26.35467018,22.02096716,21.6012595,29.31235963,28.37517486,23.17758938,26.57100806,23.61672071,14.52247365,20.81046232
23.19339834,33.45728739,19.15166885,38.24460054,19.65785785,18.2450545,33.86452221,30.98772466,25.11383,24.53827531,23.35013707,12.93897189,31.39533954,24.53117956,24.23257459,26.80253692,21.97859477,23.21368391,31.78868821,38.53833972,31.59356314,26.98847225,24.54629006,16.69850811,20.81483158
24.39834911,27.35036796,17.44893042,38.41323017,19.75215551,31.2047438,30.56999387,33.98403633,22.42272351,24.58253165,22.42500024,9.83083048,23.35599447,19.79843598,19.40452462,22.86386647,22.04733283,22.09351962,29.87344433,35.38217354,31.79202287,26.4599507,28.89992617,10.39012485,26.5978111
23.8783916,30.98852567,16.03362466,35.47412144,19.93468958,26.4323083,34.05484168,38.3822025,24.50856264,29.4644012,24.15983994,12.13195669,23.22129668,24.21587812,22.89166016,22.8961943,22.56679788,20.94704568,30.12245568,38.09679543,31.66055358,32.7763665,27.08683481,12.65388195,26.63904007
30.74818807,29.39892797,15.6567192,34.5968105,20.81850328,24.14508317,29.14465584,39.74897334,32.1511581,31.96284928,20.97840666,12.05357143,24.88647347,24.20948547,22.03558064,27.37664196,22.14642537,23.71505254,31.90918743,35.7660935,34.78306553,33.8268256,30.5293725,13.57968697,27.66054845
28.07776071,31.00159239,15.44773151,34.92507443,21.19214573,24.69194185,29.41595033,35.60729915,33.22874615,33.39725669,20.69745743,13.88674554,28.11085964,25.4117291,25.37606307,29.50607307,22.74634819,22.63605223,31.68932644,34.05823421,33.34944181,34.32931845,26.71927799,17.53545754,27.23305386
28.88022685,31.06803156,15.85213659,35.06875342,25.97886803,18.91566966,31.01730345,32.24562833,39.72913416,35.85209463,21.17049861,6.870764875,31.38366651,24.15953261,20.83363197,29.37846221,22.3810903,22.28979992,29.96335375,32.17143308,32.20174545,36.80078818,24.89594404,27.34300209,27.73877608
32.10239634,31.61846941,15.91888904,29.81781896,26.63818432,21.00804952,30.87428967,34.61173608,43.99377545,30.69922452,22.08771456,6.989727823,33.37661751,22.44909351,17.8204071,31.27436809,13.5088399,30.60387819,30.53452355,31.48343579,33.18653118,29.36352862,29.51947713,31.99103064,26.93744985
29.98122753,28.19909058,17.06164068,29.74092592,22.06785822,19.28357737,30.45475102,33.92928661,44.34867748,28.51108317,21.73003638,8.750061238,30.439384,23.86603662,19.0195168,30.06270398,19.82097724,25.0791686,30.41767562,30.48835498,32.92873782,30.17234282,29.59803469,26.59505045,27.38288908
28.72746631,31.80104811,16.69167393,28.12394157,24.4264214,21.78957738,29.64401846,34.81508587,37.57189446,28.87540615,21.63385151,11.11461841,34.22551475,27.54905663,18.28823589,34.16517944,19.69079139,22.60728903,31.21040446,30.91952176,35.19839524,28.79832092,28.54121074,18.00034967,25.98145567
24.09486119,31.67596407,14.86456903,27.07378193,24.91629738,17.52901437,30.18265363,36.57712692,39.29314146,29.97042982,21.31936264,10.43078979,30.85586053,21.87987622,15.41574553,22.8435216,19.51317369,24.91624467,31.47574708,30.2950227,34.77833396,32.56466068,29.98605278,13.90936805,27.12952595
24.95433226,31.60746259,15.66850996,26.40545695,24.99675187,17.31337212,29.74070924,37.11143923,36.88564018,27.49719856,18.93180455,9.365394306,29.53577839,21.24200927,21.25582478,23.43294111,19.35775185,21.15404724,31.15490437,30.64925847,32.98086462,36.14030013,30.54880745,22.46626959,27.32393983
23.53448247,31.48625676,15.80272237,27.38680468,24.66767605,15.37265975,30.15066054,36.27687129,36.87224046,26.61006769,19.12207979,9.088069852,31.83965089,20.88326359,17.53126691,24.24835118,19.61733481,20.68479067,31.22329879,30.0275032,33.16496722,35.76731427,32.0930576,18.31776801,26.7999808
24.87281872,31.23594155,16.64025526,27.84581689,28.27094931,14.6021157,30.33185269,36.13732398,37.05948945,21.67864481,19.09209088,9.890238362,31.76683435,15.46667002,17.18943257,24.02588506,20.47235942,22.28586294,31.82531152,27.61518472,33.03072542,32.94958393,31.614938,20.59967157,26.89749081
23.67500444,33.84313822,16.83934316,22.03628011,26.76545141,15.62129565,30.24782123,34.90910893,34.264648,22.84246355,22.96683919,9.94368286,32.15671194,15.20019027,17.96060862,23.91688968,20.37056195,21.90615203,29.55940488,28.2091299,30.71455736,32.93912596,30.8339741,17.24968441,27.87216555
23.42985733,31.28430706,18.22039514,22.0576432,30.52331539,14.73764461,30.35683364,30.73324725,37.30845637,21.04070458,22.51945981,7.720588235,41.97235609,16.93644957,17.57107385,20.89604515,19.86193946,22.19781497,24.73735002,26.16598421,30.27123272,34.50159797,28.51948194,16.76822688,27.16197074
23.31334456,35.08466678,19.48199298,14.09946824,30.85399185,13.97866409,28.15019025,33.0120371,34.8332233,19.64438968,22.73720861,8.049979251,42.51873145,18.07150465,15.49501119,19.94546166,18.15785855,21.82839115,26.91837288,26.62352846,27.67495654,34.40445587,28.82565217,10.0710524,25.73265638
20.96480154,27.23152647,18.39285635,13.38078688,30.76752891,16.78215567,28.99021358,32.21069792,31.18510079,19.07094593,24.50366678,7.048838054,27.90609966,18.66484237,14.76915923,20.78320614,18.30811371,21.69853278,27.38920518,24.96820112,28.44339915,33.81911999,28.53473568,10.60475276,25.73632841
22.79369763,30.43584924,20.73936435,13.64503957,30.53992561,14.27886139,26.94233469,29.8709928,29.58126531,20.07516118,23.65966478,17.64022739,28.34749942,16.93728078,12.58267185,22.15632411,18.55363407,20.7856002,26.72896043,25.47692191,23.09845694,34.39876389,25.48199716,9.88803516,23.69987397
17.939423,30.86793596,18.5217686,13.98589175,24.96168741,16.07041794,27.35515105,28.53520241,32.74751961,20.06708453,26.261209,17.85438713,22.42507818,14.88718551,11.23517777,20.91775438,21.29452494,17.5031268,27.36015556,27.98727288,24.13865349,37.59461765,24.57077138,15.32308081,23.16303916
21.24573676,30.6928339,18.66299934,13.66076872,30.22168447,19.60209185,28.2257103,32.02946426,35.58045959,20.0189989,23.16639676,17.62762976,24.54485992,14.49384019,14.72403502,21.20403317,20.84349779,18.1522607,26.67840975,26.12159917,22.40542267,33.88283647,26.48878029,15.0336213,23.25997918
18.42920342,30.26796033,26.58528293,15.99437568,25.37746488,20.81031088,30.5197661,36.5088291,38.45255328,20.22113555,25.79959336,18.37089002,31.53748173,14.82186897,14.27545883,21.02038729,20.23615557,20.4036303,32.88744252,29.46560825,22.81372337,31.80002872,22.86763958,15.52191831,23.53686345
18.90761683,29.62754017,22.57776159,16.32515003,26.23113052,21.21951556,30.56501015,36.58335489,38.70389371,22.65618149,23.34497807,19.0755438,30.11715423,15.14588168,14.45725916,23.53698769,22.65669822,15.0347901,32.36673535,33.022799,25.24576622,31.79754621,24.66933775,23.44683989,23.93488404
19.19665916,29.37409154,22.34821212,16.53956567,26.55893054,21.69050902,31.40679281,35.22489973,39.46148768,23.14711028,23.46671318,17.86663482,29.42199071,14.089727,17.3231153,28.67451742,22.75738692,15.29254991,32.34766452,34.29603829,25.35215293,32.04040253,21.23057227,14.24868014,23.16709807
18.51088972,29.4419725,20.97396723,16.9120033,27.07551857,19.96370255,30.49015958,40.45620788,38.34299572,25.44692904,23.66046632,12.86844136,28.06715174,14.69908555,18.13704769,27.37206707,21.80045056,15.26789373,35.02880061,34.08175918,27.4557136,35.33517418,23.13988043,14.69851311,25.75003718
16.91058803,33.39431318,21.16328495,17.00493693,27.49110165,21.25048324,32.61895375,44.77775514,38.08635862,24.21085011,28.86833106,13.62617578,28.34529812,13.26022091,16.25472555,27.60550875,22.93342098,13.13822234,33.11644462,39.80975408,23.79864933,33.3557302,24.72371298,17.29680782,25.03529082
16.89944146,32.88013288,17.77994208,17.27113162,27.64463666,18.09096134,32.52268476,44.14883648,38.62652982,23.72402956,28.19745205,13.81234078,29.63363806,13.28739068,16.39126308,27.43366467,23.89165565,12.9223661,34.11437883,38.80935264,26.88762282,32.95920771,24.24434874,21.29060849,30.46105771
17.41832716,32.46276751,17.25027022,17.30109134,27.39642087,15.4411572,32.00734302,45.39054035,38.2230396,23.55575747,28.28046357,14.16507447,28.21549511,13.227289,15.99015036,27.78296879,22.35911463,15.74177553,33.57175422,38.46939329,27.51034953,35.19961241,25.50007272,21.21807414,30.36740178
20.15091018,33.56548962,17.59561709,22.94597871,25.23738646,16.12611736,31.21473644,34.89800116,38.48472348,25.51515285,27.05922504,16.36560295,29.62343754,17.33697602,18.6034621,23.14212146,22.24447061,18.76125303,36.52501965,42.23161637,25.78946556,35.71718444,25.74135092,20.78636317,31.34036384
23.63190781,30.44462394,16.28441615,22.41582686,25.40180619,16.25507199,33.9027095,32.28476524,38.68451805,30.4330057,23.66755823,12.27402998,33.62088917,16.08023976,19.16796736,31.56387639,23.15167675,20.08810317,35.99061784,38.82963055,23.60452289,36.12360112,26.99772813,21.06567239,31.69807256
19.5690592,33.57298127,22.53836429,16.65926533,23.78197238,16.54109875,28.68372317,27.21471523,37.82184753,27.30181167,22.62937079,13.19995591,31.68541311,18.19741499,17.55258748,29.65636741,23.20951895,20.41718193,38.36931128,40.89379111,19.91952509,38.93429009,26.50957985,21.36598439,31.4499524
23.25933819,37.43618729,17.55218076,16.16470158,25.94988023,16.5329291,27.77676408,30.76565207,37.43592009,31.86348077,20.84332496,14.55220977,32.04409928,14.46407332,15.56336506,29.68753157,30.45197175,16.56245324,37.17897337,39.40216801,22.66933286,36.65530883,26.35542534,24.44735282,31.29055764
23.56223323,27.54409255,17.21093601,16.28534405,26.57834605,18.08238916,27.88550453,26.32222829,26.52228324,27.73322767,21.4608593,11.81852371,32.10426589,15.74302555,18.94654086,25.48757885,20.96451379,18.69900441,37.18746925,34.89432775,19.61351106,36.57208689,25.31626692,21.59200748,31.26633897
21.3354524,27.9173838,19.21532393,22.46926816,26.80957491,17.36620902,28.46468372,25.16282405,26.32514967,30.72655712,21.3736997,7.881393298,29.86356244,17.84888244,16.20067239,27.53143482,30.0147925,16.39016308,36.01269207,29.56429488,19.55232118,40.62695112,23.81809938,22.80421838,31.28721114
24.28826269,22.58679927,16.68769041,23.78928446,28.980039,18.22172469,28.26615646,24.32490031,28.74712666,31.58972803,20.21740366,3.061618166,28.56567432,18.31010758,14.77916435,28.72501289,30.75314545,21.81852574,37.66025912,29.20682587,17.64821308,46.90167069,25.25605643,22.07972408,25.08710047
24.05129469,25.97905055,21.74389294,25.08484671,27.25180652,18.19380213,31.32624349,24.68878769,29.01684636,32.06326867,23.03098065,3.693014804,27.86900582,18.95623616,17.76310674,27.72270246,32.3273546,23.49650175,36.48961952,28.36771228,20.4267571,44.83713763,24.8519773,18.12376095,24.7442293
22.70007626,27.26626635,18.191054,26.56858306,27.46460939,17.80201812,30.27221879,24.12617252,31.78890524,34.59945413,22.72255842,3.500614612,28.56331408,17.63918734,18.46946235,27.22384063,30.69517144,20.95366425,37.18827116,28.62574635,21.83093449,43.46379962,25.2254298,22.70246769,20.55126056
24.00787034,27.20882761,17.15264391,27.47774669,26.83825913,15.64476864,33.22339092,30.51767122,29.9386295,30.59230484,22.86464403,3.628881407,27.43791874,16.92090909,17.30107252,27.3507812,24.91676312,21.12149694,38.08643008,28.76409025,20.79667389,38.39157941,28.41550742,22.0637003,20.85098554
26.72866484,27.28405077,22.1859191,30.5723204,26.67985375,17.39178701,34.01730482,30.58885995,21.14972791,32.41105609,23.94774877,3.404414516,27.91802692,17.94260097,17.99021279,32.01311894,26.38779552,19.88223263,36.40963596,28.08394446,19.82220575,37.71705306,28.11632225,23.54454868,20.49817295
26.77471605,27.45703133,23.02942194,31.19920989,26.35497366,16.24125534,32.90797664,30.75310609,20.03485858,33.21122442,25.3760435,3.361344538,32.25459021,18.86343678,18.71445488,27.60743186,27.27494597,14.19243805,37.98250211,27.6899475,22.42520333,35.71446355,36.50501334,20.96937662,21.96216118
26.55050129,27.53844345,19.54345656,31.02228834,26.38841422,16.38965113,31.77074524,30.86032477,21.02928315,32.37020897,26.1986591,3.371126228,32.87179814,22.17677899,17.12293114,29.73251052,26.27928445,15.48127328,41.62725961,27.72420527,22.96150834,35.45796378,36.02332841,20.80896573,20.84642063
25.02024071,27.2037905,21.92581381,29.1019363,33.45017499,16.74209403,31.72324646,27.23700184,20.42313517,39.5772564,29.47862984,3.042328042,33.90245715,22.39464118,14.99362599,25.37924632,27.0363611,14.64620763,36.0089338,26.00129245,22.85573293,37.45796722,35.37168072,24.25024907,18.95427837
26.78899291,27.11320202,20.54658967,33.99273259,29.74480745,15.34428269,29.69347743,27.22973928,20.5853665,37.5052532,28.70283555,4.699135313,31.36033197,22.49639589,15.8062884,26.88187459,27.84535724,16.7009255,36.16861472,27.40571931,24.15343604,41.09926032,36.50214847,29.36199077,18.62551401
27.79989736,26.75273845,24.14471514,38.39104632,30.27381579,15.0787482,31.2233169,27.04295548,23.97150531,35.72111541,26.08751206,5.664713159,34.17769335,21.86357768,16.05248828,27.3926599,25.44854087,18.00041452,36.01086975,25.86240911,23.15782352,48.17914643,34.79536234,25.56688399,18.24653067
21.88648786,26.55091997,18.20748131,37.84216742,29.05312614,15.54258966,32.47107281,28.46534787,20.3440203,36.93185933,24.38562043,6.394848159,32.77588019,20.6741773,18.07728814,28.19307249,23.95171029,13.4292031,34.17114279,24.67802394,22.00283072,45.97727364,36.86367323,24.20709627,18.74671085
17.40216536,29.3665327,17.45469344,43.36607741,27.71944275,14.88074173,31.66390716,26.70868007,19.38935396,35.98728805,23.32925504,6.742070381,32.18661567,20.17820614,18.96237639,30.73370735,22.02628201,14.88765925,33.2047494,23.10425651,21.88061203,44.37851367,37.35952484,24.25026185,18.2441255
18.92757433,28.37955684,29.61636763,26.01996808,25.51196023,15.85728892,30.75203753,26.06534433,21.26976724,34.23677475,21.70679983,6.642864032,31.50207678,21.81988214,17.29238058,32.0342327,22.09012344,13.88264589,32.6677897,26.41396163,31.53192163,40.41799675,38.59160095,25.0415364,18.65637988
17.63566452,29.70552571,23.79648535,24.34076601,27.07117717,14.92151005,29.88857314,26.24353304,17.98427026,30.2396606,18.45691657,5.302696275,31.02433854,21.38055146,18.13593431,34.20312038,22.91180994,12.3885335,29.29851597,24.95327897,28.43927691,40.98146817,38.80659131,19.39429405,19.47966866
17.12614913,29.14762814,26.73484497,23.51483645,23.70883968,15.74459344,29.26384489,21.69682948,18.04398191,28.48942662,18.11260195,5.600680666,30.71311675,19.3678475,18.09962194,33.54500491,22.87285719,15.99126792,28.59780643,25.81399737,26.64807096,41.38603565,37.57925158,20.63211978,18.52386381
17.77810736,29.12705739,31.07951389,23.0512754,22.51635496,16.66990898,29.71534738,22.64257706,19.20393329,29.35995656,22.10615815,6.168216988,32.49045992,23.95310167,19.13343437,32.88469197,22.92422994,16.79107096,29.3576044,25.72608735,30.84134169,38.85031534,38.37741571,25.67344478,19.35892691
17.73651528,30.30441794,21.46142778,23.55642342,23.3791453,15.35783797,30.16207332,22.986884,27.66844956,38.80394317,23.45800794,5.912200603,31.00719936,24.27295682,21.35600605,32.79805451,22.26756692,16.63273135,28.75948579,24.12722672,32.58260768,39.13001151,37.86807038,24.62724248,20.84469003
16.25500697,31.00496354,29.36163571,21.59202959,22.98146735,13.4381954,31.42866572,22.31487067,26.05781543,42.48298607,20.55587803,6.216551116,31.65488897,22.0738209,18.02706752,37.61599747,24.06276997,15.63868725,26.19842001,23.67981874,40.77234088,36.86916084,26.78384138,22.25180599,13.56238586
17.68900923,29.48827874,25.39489673,20.68661499,22.74807366,14.11497687,31.17729778,23.73790536,29.60525919,38.75678845,20.02505044,6.046265888,30.64757538,21.37513022,17.05719753,37.86003892,22.69739815,15.88472239,25.96874299,23.00031975,39.29871273,37.18981358,28.33514934,22.85662778,12.01702048
16.29595156,31.38506572,24.01119859,20.66489736,21.58952465,14.02768901,32.15927588,17.73415488,29.05580414,31.7041205,20.35779929,6.125326887,24.94819553,21.43867283,18.96734812,37.77361435,23.30896487,14.87306873,29.96425042,22.10547238,34.08720146,37.93731779,31.05674457,20.06284133,11.07576511
16.51874319,36.92713783,27.66725807,21.97311892,21.62338899,12.13589301,30.98314289,17.77085702,27.51984341,31.80655237,19.18417896,6.79126376,25.27391282,22.51267573,19.26942953,46.17778478,20.28709276,13.77790407,30.5665629,22.46571115,30.16840575,39.96380862,31.02643203,19.91054594,12.08208333
32.79941466,36.10345257,30.39161397,26.48269307,24.93724034,12.45081925,30.98698467,32.78267415,27.34041346,33.97371957,20.29365812,7.837871739,35.66476234,22.07601749,17.76603357,43.78146185,20.94684479,13.59844616,37.17758449,26.68031988,24.8017278,46.59099155,58.70297707,27.92862588,11.51330456
23.77237741,33.87578553,26.53130661,33.33606318,20.90237336,12.0809984,30.82082517,23.02087657,32.87624469,31.31095019,20.58298282,8.413885497,35.06663489,24.09575717,19.77651054,46.22547477,20.84629217,17.42665149,35.38650019,25.24654991,24.69536597,46.52714423,61.02719305,18.77835912,11.81901306
23.76847009,33.57833038,26.64398216,27.50003469,21.02211345,12.11410665,31.27609506,22.5104323,32.58362342,32.33749251,20.57905772,7.246334877,31.94957093,21.5511135,18.87292638,45.45494462,21.39895208,16.90628644,33.53684008,22.79946513,26.91029815,46.34940608,62.06690886,19.46215045,11.98039658
17.59888834,31.71178814,27.52871921,27.60808251,20.66511464,12.37371705,30.81957033,22.59774781,32.39609363,24.07639873,21.83342331,7.228698192,29.68217047,21.27114439,18.49386932,42.47506217,22.81043606,12.96753087,29.32299387,24.43907393,28.19612258,39.44543392,65.40056507,19.60025055,11.89949567
19.88684394,32.19781522,25.89818248,28.48216063,26.48853636,12.72442604,32.27069863,32.52295447,34.71853896,26.47378724,23.25669529,6.739813684,32.87629282,20.95195635,20.7624051,46.2203818,24.62611422,14.44189218,30.31775583,26.88976954,30.30267372,42.74491459,65.45006101,32.4114925,12.81081695
18.90238076,33.61351687,33.58326518,28.48763336,24.90348035,12.35288497,34.03507416,36.59022071,33.8240961,25.70759115,28.30845396,6.821213766,40.37726283,20.06443618,23.40857789,50.35425542,22.12797902,14.92892452,27.3610752,26.94493777,30.68148356,39.93534072,59.59212605,40.27806896,18.19500192
21.60485737,30.20520169,34.21415903,27.33091203,23.30549116,12.98788769,31.82095071,36.56029637,36.04174213,25.53631355,26.874998,7.402491777,31.36085017,19.95164319,24.80386242,46.64833728,22.38732419,15.43875222,28.02426229,26.87657203,40.38868359,38.56145841,61.61800952,49.06910612,13.08696346
22.49711804,32.33040612,38.33628996,31.77797438,24.06799808,13.2401452,31.5349817,40.37039223,38.6652174,26.99025411,24.36151831,7.9911757,35.30178949,21.43880234,26.19816254,46.72517425,22.54522078,19.12797463,28.9048272,27.38602156,40.92022464,37.33669253,58.05997882,47.73679248,13.06215932
22.17187566,32.33058057,41.26590873,31.04261063,23.94393605,14.18518534,31.44811855,39.03997748,37.82346526,30.78440726,25.67000291,9.128821282,38.82673803,21.57686957,26.4033129,47.06138467,24.88007615,20.50467934,28.0204629,27.7052471,39.49147686,36.25162036,58.71392512,38.90480283,14.06048728
21.80878445,36.5938942,34.08742267,36.01573766,19.20493771,13.55112055,31.28833664,41.53642411,34.6573182,30.84972107,24.91126337,9.438671911,36.46877167,21.04053407,30.49815843,44.84585967,21.61060417,15.58617612,29.84621881,27.61813054,38.76600333,37.5113217,47.87937709,30.6106595,13.055841
24.19704852,37.00227563,35.41326415,35.88576366,19.49244859,12.50285734,31.71157467,32.93368013,32.35316127,32.92082486,25.66013779,10.10604622,34.67571577,21.29001868,29.00416913,44.57384032,23.70068244,15.34841634,27.34111315,28.56438142,38.03092055,37.89748354,45.72762414,36.45748144,13.25052629
19.60457361,31.23722102,32.41633898,36.63357173,19.22374706,12.83874489,31.36086468,40.6454069,35.25514717,28.60525935,25.81681473,10.29817019,30.26676661,20.56444489,26.72949128,50.29098251,23.7786626,15.89107,30.3191259,28.47077075,35.29978661,36.05115225,43.61914029,37.46292708,13.68717369
22.94293182,31.41613911,32.78852221,25.98821418,19.00300587,13.56272995,30.37386659,30.47749308,31.79628092,34.63717673,23.52975145,9.573702775,28.44972022,21.28555349,26.01237112,46.59361266,24.65373196,17.0553913,29.2872184,28.43475781,35.43556345,35.79190183,43.50615273,37.35422636,12.3748394
23.46132327,31.93858315,31.72443369,20.24603906,19.54483042,12.3934788,30.17115187,24.70108416,24.41677358,34.76590115,23.86666347,9.970684971,27.10081615,21.45854053,27.09806439,47.62277652,24.83069113,20.64560382,30.17547742,31.25558822,35.74265885,35.83778792,49.87774333,30.30119898,11.43805832
22.0066682,32.52692646,34.59441061,21.56480767,19.067335,13.35963744,30.5960336,28.15955718,23.56666821,31.9735352,23.23399813,9.889651556,27.63256707,21.74797258,28.97226033,49.57327201,23.13773635,17.91754887,28.71573169,30.69360181,39.76250553,35.58790446,45.10818688,36.2893939,10.10283279
20.32942707,31.99824042,32.0441314,27.02007912,19.07720292,12.80602886,29.54917932,25.60067932,32.63915701,31.63179692,22.68984966,9.097937223,24.42836044,21.23653272,30.12654796,42.16959782,14.42364875,17.76283918,29.40769958,31.00792669,38.18728554,34.87708836,45.26616604,36.34375971,10.88149676
20.12906078,31.99881145,37.6535793,25.76370495,18.12567222,12.80265764,29.41336571,24.74548562,31.35548392,29.80759829,21.16043389,9.903230298,24.22614832,21.8785393,31.01817582,45.43296227,16.29801204,15.40740552,31.24981829,29.14415893,40.81136676,33.25435213,42.25303342,33.88773682,10.34753654
17.88994668,30.79825252,37.48933533,25.95829005,16.71981812,13.47697416,29.36354567,25.39547556,37.44897158,29.43548029,21.31373735,9.73614592,24.90523626,21.44104603,29.47392188,42.95124157,16.74012422,15.24736943,30.39607946,28.96078298,37.83595096,35.31462805,42.13984858,33.74768606,11.94842147
22.0939955,30.69025205,36.13189725,24.68117072,17.78709915,13.44086218,29.51993341,24.86218991,32.60023042,29.20303227,21.18796866,9.920162509,25.21719923,21.54114328,32.7818242,43.26161471,15.94419618,14.95982493,29.29486453,27.66446529,28.2094611,32.29601828,45.98249021,34.40031153,11.25686781
21.22040045,30.24251628,37.00359887,29.45262218,18.29570041,15.00881129,30.41791508,25.49299733,29.5379781,29.33093891,21.65185204,9.776877572,26.87495331,21.89702525,28.65478822,43.53783755,17.39024129,17.74047751,31.22726884,28.97503043,35.29012339,29.75979093,45.52021838,34.04552694,12.73975178
17.08979677,30.82243816,36.31463299,28.38242104,18.74027557,15.2958559,29.90912496,24.98968607,29.49614911,29.69565443,20.88864554,9.173910305,28.76541558,20.90379026,27.93301485,42.37600575,17.63787017,17.40409223,29.09399495,28.78628374,34.58176554,30.6746678,47.90666134,32.57585064,11.88854279
17.79749393,30.57771477,39.09452954,33.53219389,19.45380801,17.26089883,30.01117861,18.61294151,26.22898742,30.17537574,22.41652457,8.513321995,28.76541558,20.57710443,26.06120182,42.97791303,24.68901098,15.2801451,32.30524708,29.58924056,30.38695177,29.7430331,51.90299256,33.38049064,12.20063011
17.16359928,29.81186778,46.13259422,28.60375777,19.29843749,18.06711143,30.54662449,20.76251831,27.10766827,30.26185955,23.02855207,8.231135047,32.79332815,21.97808318,27.14059782,40.0303282,22.17026212,18.59177647,32.90266423,26.93080745,33.30690081,31.10355934,48.63469668,32.97508544,11.61628428
16.59120301,34.57134629,41.93659516,29.37745131,20.31036339,16.66949527,29.4041824,20.5071166,26.58236019,32.45772942,22.19894691,9.133125472,26.67038684,22.41734612,29.24418496,32.66397727,23.92386486,18.30984105,32.54039527,30.19200614,39.46162098,29.45927035,46.73971734,37.89380607,12.29264196
15.43647351,34.18928746,51.84678149,34.34186497,21.06520188,17.25541063,29.33828181,20.65376688,26.05994481,27.85804895,21.29729185,8.688363463,32.03710018,22.75350427,30.29953364,31.93869097,17.35272951,19.7631025,33.71793397,31.55053,37.80518612,30.55925085,51.22859633,40.47515395,11.86572259
15.80797918,34.66169145,52.86481195,34.94008068,22.66252673,18.54092647,29.70687677,21.06153755,26.74607862,27.84139551,20.46855454,8.277493502,28.93214646,25.15414159,28.11534449,33.62253342,15.72687721,16.2542905,32.51592842,34.2898812,36.68175528,30.15503654,50.84936687,44.55804384,11.53039696
16.85249974,31.05512149,59.63131464,45.19869052,19.88627407,18.15658242,31.86343315,20.41013408,27.01513516,27.57002047,19.61499152,8.790784832,29.66810215,24.30403057,27.31334059,32.26707312,16.20185507,16.70278304,34.60277477,33.42969724,35.10045434,30.47209706,53.38953792,36.78707104,10.04145191
17.26896677,31.79342029,38.81564848,41.36730344,20.65771876,18.66345452,31.45329324,18.89437065,27.21747907,26.45071985,18.21672886,9.382042426,29.23265974,23.54957504,24.08781947,32.11194504,15.91948136,16.43674059,32.24112743,33.39238753,35.9151958,29.97916786,50.78914775,34.21869863,10.13157724
15.26491941,30.81348747,33.63912579,37.62976429,21.19729369,20.06079509,31.88168991,18.50151732,27.48736799,31.09325501,18.26739454,8.642265386,25.95722757,24.07937039,22.95235433,32.20022612,15.63245344,16.14172906,31.39636875,34.12044452,38.74164515,29.21632648,52.92955152,32.56094414,9.510883087
16.79927055,34.26778425,34.76380951,38.1696225,20.79795458,20.61646301,31.04143295,19.24045206,26.49815594,27.75081434,17.15256261,10.3728576,24.87769565,24.668477,30.59605198,37.97263297,15.60252788,15.89924796,31.71710404,34.02173083,38.1703071,33.65024714,59.26288063,31.62971617,9.824261036
17.48688837,33.7601722,37.11454506,39.44552422,19.24500518,21.34723272,30.65276788,19.07623153,35.05664194,26.89654466,17.54547381,11.12421946,25.73725111,24.23996793,31.78576227,38.32473904,15.72736356,15.92662761,30.26723986,33.25202626,37.94649137,28.91104267,59.62746296,27.79466818,10.04180004
16.87127844,34.00214004,35.20559805,40.04320325,18.66415943,15.761654,30.8554336,20.15130193,38.33640641,27.6054219,18.00877426,9.977054906,28.52881342,23.28197789,33.43822143,38.64680091,15.70522977,15.71881331,30.73767179,32.48698617,37.66850344,31.05293196,63.69886001,39.98266826,10.61466702
15.298557,34.48338849,32.5391617,43.22434384,17.92744002,14.4681507,29.23907696,22.83121663,41.88210713,27.62535962,21.44078509,13.27857532,29.65744361,23.14270436,32.64105772,37.87621874,14.99852658,15.94561699,28.94890254,31.93944368,37.81529373,32.75645525,62.55660826,36.7727552,10.19953106
16.50839421,34.4691193,34.57573655,43.20415726,18.40971154,20.5132217,29.379471,20.19999279,37.69396363,28.23877225,18.6081139,15.99297126,33.17746486,21.68302616,33.4034828,39.097712,14.30742104,15.76303171,29.48084763,31.276742,37.30284278,32.77583887,55.6796441,36.86932371,10.89053103
15.98181192,35.45607172,32.18729152,38.2984127,18.15114211,19.28545095,28.51375389,19.31503195,38.57728662,28.53976097,19.32375464,17.05165863,34.00088012,23.25784436,31.08027431,42.01915547,13.88735955,15.62052456,27.95926904,31.24986581,38.96419519,34.81804651,63.10778576,30.30014671,10.987
16.07482962,33.94983367,28.18764361,38.22263593,18.24219508,18.6988347,28.18450595,18.59375885,39.73796735,27.34316376,18.94995423,16.11227824,32.80295461,25.6874151,31.02264926,42.21320658,14.70099783,12.31244957,26.6380921,32.69021789,42.57386613,34.75295129,58.50673105,26.57749041,11.34728525
17.33085912,36.42560781,28.32216645,43.33863302,18.35999504,21.9650658,27.68100144,18.0079776,30.84973583,25.09137612,19.8566478,14.40729069,31.82220791,23.2569279,36.84177275,42.06318615,13.61067579,12.45536239,27.12397025,32.6842548,44.65531699,35.21501309,58.56650268,30.13226856,11.16783352
16.59938835,38.63422773,27.79018177,47.51331838,18.45617573,22.80761917,27.88806434,19.10849143,31.72206494,25.94581952,21.97687315,17.30616871,33.27434482,26.90455926,35.3114868,41.42245858,13.54379049,11.76995349,27.14675624,31.24173898,49.99732943,33.63704313,52.77560227,34.14146425,11.62636775
17.2303176,31.46928017,23.3243961,53.28726552,18.34716227,22.51297809,27.43307936,18.12764432,31.64634313,26.26502159,18.26475107,19.80492863,34.94317717,27.17854224,34.19866437,31.63478086,14.07223648,13.73111498,26.92124932,29.14427517,46.74756579,34.48600681,57.02104189,46.25465538,11.67582064
16.11119453,35.04240758,22.97206878,62.6119997,18.16509675,20.07965035,27.71762225,16.79840165,28.18254154,25.77501285,17.55754134,19.99665756,32.09096437,26.17454023,32.47077723,31.4832354,15.69294668,15.10869654,25.44934659,31.32266443,45.82120404,34.49858946,58.99819365,52.27850708,11.13811374
13.96950435,35.30593818,30.64094235,58.05054372,25.08278171,24.47423257,27.33045348,17.2297065,29.50200439,25.85010811,17.25735067,21.02694572,31.80309077,27.07978782,33.25709321,31.07718742,16.61929218,16.51632326,25.81290281,32.68024804,46.86916761,34.77676311,56.14295353,55.5362739,12.97147817
13.77347041,38.05947165,26.09610949,68.52053825,21.65268445,25.12868218,26.86454342,21.86331403,30.73173791,27.6160382,18.39603063,22.61193605,35.07279938,27.42981526,33.45222742,35.05808751,16.31559347,18.06754786,25.92008899,30.8020867,53.01136303,34.50427646,61.89328378,53.77974293,13.01414272
15.47406673,38.36194192,26.18743428,67.79071684,25.74924552,24.67544496,26.31348696,25.20791445,34.48857796,28.42540327,17.72872036,18.8779693,38.64313002,27.94484216,31.94001704,36.3939922,16.24108442,18.40490971,25.3584694,30.55114487,53.12910367,34.15425918,60.43427053,57.61253868,13.30031564
15.48533847,43.56982125,25.3122024,68.59867671,28.2163471,27.96995693,26.33935212,30.56315058,35.55279271,27.4838645,17.35477742,17.49906994,42.90261604,29.99576707,31.87364087,38.78839756,15.29567586,14.2114232,23.88186219,29.89354427,53.55562648,33.77883547,60.89863138,56.84378685,12.70668468
16.46750379,39.62989794,22.74066901,59.80253863,20.75436177,24.09202177,27.61256432,21.08299623,28.79787414,23.69190954,19.61174622,19.23660892,30.17477799,31.47456223,31.65676827,35.97522121,28.99634834,12.85891836,24.79027359,28.84316534,51.26164901,34.29902469,54.74084205,50.98899008,13.5757119
16.908563,35.7250123,24.91965202,52.85092905,16.894962,26.12996696,29.11202377,37.34395919,31.41240231,27.14179372,18.71948666,12.64313105,33.1646196,30.61654916,25.25037276,47.9899537,18.15742638,14.69396184,26.31938332,29.06664426,59.12834509,37.21110883,47.47937877,27.4012537,12.18598603
17.53245504,31.39835404,24.73284326,48.04185866,14.12268054,27.31315445,28.81900355,29.92559419,30.89534875,26.28639782,23.08309004,12.02317487,28.79605532,28.65660695,26.92245898,37.97281766,17.27925416,14.12742353,27.88769577,25.44486454,53.31425752,47.105887,50.54603869,35.68860703,16.39817696
21.24447582,31.25807816,23.3676917,48.22027195,14.2902379,26.2188947,30.60851557,28.30772889,33.33301219,23.75023038,27.6661429,10.62441823,34.27302988,28.23511766,26.9046866,43.59156934,18.25570111,11.00194187,29.77109783,27.56151177,50.11701048,46.73239776,49.99676587,39.24111692,12.55428901
21.90163702,32.94607264,23.77901978,49.54346423,17.85971953,25.04326502,30.59780586,34.44972345,31.80015858,24.42915659,28.33541938,7.437046835,32.85014714,28.41546378,26.8254323,45.78877567,18.45290694,10.98062343,31.29055031,28.09403367,49.44034287,46.85123107,42.19652557,33.659726,12.1460759
24.23526398,33.25903815,23.36518391,44.33539912,16.51203816,27.52384493,29.27783359,31.97057768,25.8536557,24.56807436,23.45817117,7.94701817,31.3247478,26.6170786,24.14935483,38.88710785,18.49485601,12.11223017,31.78974976,27.4912076,43.77205722,47.42804407,44.74111693,23.80395766,12.20304938
23.21342115,38.54991018,21.26517583,44.50104072,16.41686455,27.39853343,29.16184357,30.04820523,26.38659426,24.00995761,25.5742076,7.954000843,29.24507467,25.19243323,25.71227542,37.31381474,18.01393838,11.41243348,30.76130041,29.11508867,33.89879127,42.0059268,46.61856128,26.66432893,11.63592943
28.809292,28.74087677,24.16255324,42.66401356,33.17388262,27.12644352,29.21571165,28.48566713,27.87476881,22.70138144,22.87257886,8.438552189,24.09059521,27.38508332,25.4898923,35.40099028,19.00208326,13.43944755,33.91825726,28.43792059,33.45258328,38.34317874,44.9765442,30.48903843,10.17192119
26.77619391,30.15307898,21.49998844,47.56733066,22.75760375,28.00382188,29.42667836,28.2173958,23.23070678,23.03623747,22.93727984,7.810000615,22.76464622,27.12211575,24.12610254,36.16720448,19.78317307,12.8870978,31.80664048,28.80603291,33.93971322,36.23915259,39.45151446,19.04162273,10.14050656
24.7303844,32.37580658,21.18339112,42.213093,25.21921191,24.77870939,28.99773084,28.29299084,21.77688249,24.04011265,22.66179958,9.198761331,22.57159313,26.13878375,23.55815307,36.57070346,19.89442769,12.89028706,31.69346745,27.6267411,33.30751654,34.36196858,40.94886122,16.39413666,10.25839428
25.077929,32.102924,22.67173643,41.27584042,30.63432754,26.6094761,29.57635342,24.91377489,17.79382245,23.17119193,22.34298355,10.66306943,22.81790593,25.2947279,24.55768529,36.44409346,20.27211411,14.13208148,28.32803303,29.46695741,34.03968805,31.49010351,36.5115098,18.40247694,10.20822068
24.40645789,26.95071879,23.52857481,37.27175282,36.93937643,29.32419775,29.97974159,25.28380332,19.08042014,23.99156338,21.77765637,8.649323927,27.17128971,26.83408026,27.99725502,34.71798734,26.95449357,14.65069368,29.32290469,28.40378305,30.26933512,31.64003973,37.48864115,17.00562584,9.640472416
25.15032192,26.5996129,22.67777314,44.07302343,40.70580603,29.97895585,30.24003016,24.96201639,17.81829217,24.12255722,21.6276261,7.241801041,27.42625487,27.14809432,28.80844846,31.77455974,27.47625974,13.27784747,29.26283173,30.29743956,31.99628332,31.41603174,37.9682067,17.87577346,9.749129731
24.77807128,27.74419297,23.85360297,39.70362921,37.0149762,30.3707899,29.57454348,24.97525574,21.78861754,23.75063652,22.0032838,7.283793147,27.18170489,25.73782353,27.96134704,34.5697772,28.19563723,11.36169289,29.17017427,30.70110683,31.55322683,31.15607247,40.22823641,19.29994488,11.85116617
26.51025966,30.29398255,20.06079278,36.02893996,37.8623749,33.28359836,28.53600403,31.36860427,27.71205901,26.68079139,23.02073932,8.98342972,28.02709132,26.11438535,26.57410814,29.29331936,27.15769152,13.23473074,31.84375937,28.50620091,34.77371669,32.24987935,42.05165261,18.04510499,11.41360147
27.07783416,28.12977599,20.38494306,37.07797003,42.72569683,36.80667703,27.16170404,25.16295468,26.58861049,27.01110542,22.46537233,7.717715639,25.43643086,27.0943696,26.89525338,25.94491836,27.36763722,11.97779263,27.91360852,26.07913913,31.23289095,31.46078734,39.48861573,18.04476049,12.1193735
27.10470336,27.8739847,17.92322592,37.55435904,42.45790603,36.61495302,27.69263839,26.51133999,30.34793809,24.4784634,22.73671726,7.964458932,25.29857495,28.83101369,28.71064975,29.58620719,29.45344873,12.68646824,29.91334815,28.51428898,32.16089578,31.19557571,47.0401231,12.75353972,12.1252023
27.27023629,25.44468,18.3781484,40.90460876,41.29581719,38.89358221,32.64707749,32.22590089,28.05830665,25.91389748,23.09027507,7.710406694,24.57058935,31.64334435,30.77279373,27.60117305,29.51007452,12.63849438,30.26965385,35.93336863,32.93034398,30.85563891,51.41439353,13.48858064,14.17471922
30.09500318,24.91320574,20.73484081,41.22302662,39.94732658,37.75744997,39.40185586,33.3005761,35.53208975,25.40299768,26.61518693,6.207160895,25.56486699,36.40865348,33.52820187,28.27952992,28.95020734,13.10556105,28.68975951,37.54857152,31.80897608,33.58856626,51.78925927,13.31561139,13.45280704
20.33712975,25.81365304,21.55908951,36.969332,39.60385515,37.79018208,35.28539622,32.62880388,32.86759546,25.35469646,23.25346183,8.497048862,26.11295471,36.50484255,30.55386089,27.772516,28.99548812,13.21436093,28.44862062,39.4310357,33.01793078,34.10102018,46.51852148,13.42260438,12.92170089
21.19571678,27.30961285,24.2704367,37.96685115,50.08570214,41.57154374,38.10234846,37.30125492,33.66554732,26.77357722,22.71867575,7.55441727,26.93438686,35.51551309,29.94978814,30.0825436,30.66115842,14.42957844,33.81936788,40.4347268,34.5994213,34.72069122,43.21591523,16.6448422,14.39698027
21.94923004,33.41763531,26.56368587,37.48597625,45.97989712,44.59123831,39.16167987,45.12449398,35.64280286,32.91919947,22.87299925,8.351667387,36.85782651,36.42536154,29.76199922,39.19667934,36.18995085,15.98430195,34.35496293,40.12738286,38.07848802,34.23158043,49.51389825,17.90201354,13.7921919
23.40699443,27.93307735,33.9077024,52.90683196,33.31715576,45.70301058,40.91378992,34.45120226,27.74235451,27.95210551,19.25778054,8.324960148,25.03596936,35.73800056,30.2797902,30.14393218,29.22492551,13.02983538,34.01652372,39.18516448,30.81307244,33.07817662,38.36667995,17.91001961,14.6199924
26.38876579,30.42995824,33.65832713,43.41485991,45.77434871,50.82294653,42.27410613,35.04361347,28.16826748,24.8071311,18.76652644,8.161230076,26.00066385,35.06274564,28.99901649,26.82668453,22.79742989,13.87063221,33.78814547,38.66189587,27.82564302,37.17313678,35.00894498,18.91578486,14.71073335
24.97426273,29.02282932,33.45008295,49.31405289,46.40204428,49.96340871,46.88143056,43.77409983,27.40920067,27.91525744,20.19292899,7.410714286,34.68617056,32.61755939,29.71355942,32.63181723,24.07207088,14.89577503,34.12516017,39.94746855,32.55309374,37.21378784,35.68406937,18.5762355,16.99572522
24.90405258,31.82381241,38.79169727,39.09291851,43.91125464,46.34294541,49.61326097,42.11496886,30.10770717,33.58836768,19.91586579,7.743294732,37.03881657,33.17823284,30.53112007,31.17926234,28.73589777,13.31137185,35.83017342,40.30780447,32.30484461,34.54646799,31.13540184,18.63650708,17.35438873
24.32388855,35.27983286,36.24990769,39.69636663,50.12571244,43.86007454,52.0117322,38.63089578,42.30440404,32.71692921,19.03379529,8.864235687,37.03881657,36.12647717,26.83591137,35.93801805,28.17699677,13.98422262,34.60277789,38.70144294,36.6451111,36.74049325,25.94717794,12.77653469,16.55825168
23.48829721,37.83760521,36.1336082,38.82210566,48.29044449,40.95551924,55.8831817,37.78854384,38.37339805,32.71806486,19.36099729,8.452089781,38.63754779,38.11500366,26.59264432,36.67964323,30.15053909,13.54965643,34.51151063,39.99415696,37.27064102,36.62056541,22.57257471,14.37328523,15.97735102
24.60712163,37.29218674,34.66583613,44.13792452,60.40087943,37.76769615,56.88126966,36.06298275,39.13469589,31.78739553,18.93750446,8.299272487,34.23675809,38.11959126,29.90267957,34.21703673,25.43633168,14.85510317,36.10085346,40.39389298,34.12078881,38.0996802,23.82178883,14.24567916,15.9350315
25.63582855,38.36624641,34.59947938,53.91421649,65.45910514,41.13071191,59.14217051,42.4855028,34.97102873,31.32681219,19.64326547,6.892352222,30.75115721,37.29753649,31.22599343,35.52696407,25.41161199,13.54432761,37.0811501,37.89486632,33.41967687,39.68888761,26.37858955,13.31720642,21.45507657
24.91803414,39.98107865,40.79557634,49.4954437,57.8283526,36.84294797,60.32732752,36.97783027,40.53177451,30.8319966,19.3790597,6.701765068,31.16595411,35.74237618,29.65169495,34.51706822,25.66032756,14.64223595,34.71765407,36.46932587,31.37630292,40.21047208,29.655894,12.81233412,21.14307596
24.99647398,36.6346976,38.45839376,47.93861492,59.29164823,40.00937405,59.59648412,43.96544769,36.29771355,32.86650108,18.89496979,5.279103724,32.21656422,35.22612309,27.68972485,33.53228521,27.01284494,12.9287396,33.80116875,35.66761835,30.59004677,39.91724631,28.43363375,12.98811402,21.37106385
30.41482463,37.82454506,24.10179545,48.89083589,58.5444963,33.8318521,54.98854101,38.6344753,34.51902841,33.14730119,20.77388435,5.369705753,32.2439596,33.53909449,26.47411802,35.01750655,21.40762577,15.28620064,33.16917143,36.75594517,32.02585842,41.17295751,26.80920417,13.42345897,20.28687396
30.23210509,38.72325321,24.22275331,48.93490052,55.76861045,33.47093629,45.42032335,43.17901447,35.32151446,34.12271199,18.97076214,4.719702696,31.96263808,34.95769946,23.29821994,37.11166141,21.7367351,13.79189897,33.55509696,36.85941369,32.87656191,41.20259648,29.16026135,12.66812819,20.27696775
30.60875172,37.88614526,22.1357213,48.85890753,51.67947391,33.31362156,46.33201834,40.88351972,39.20456267,31.85784028,18.77290364,4.00607922,30.3777774,35.03333515,22.1417726,36.84932656,34.36331836,14.10675894,32.47603968,36.97598141,31.93228484,41.29973259,28.23140355,16.55352631,20.41737536
30.72685256,38.25899179,27.54255021,39.67680586,52.83541681,33.09791646,46.25845515,39.82696973,35.58359922,33.43707318,21.60312212,3.852219283,34.49275162,35.10785535,25.34579687,36.78616425,33.39645975,17.94826908,31.89883996,36.22044007,34.7644356,39.09792121,28.30025628,27.81200598,21.02634053
33.04762597,35.81382045,21.38394271,39.64921758,52.35946356,35.63263013,36.74997285,37.75277581,37.33547989,35.1771416,22.46164333,3.528839987,32.13847204,36.09580964,25.37980362,36.74560965,34.63845762,18.05075985,31.59016172,35.65339394,37.59593079,39.17310209,29.23806164,28.38581672,21.0046784
30.76187986,36.53857044,27.40196714,49.55930573,48.23117655,33.48354168,37.52485069,37.02098605,40.48771209,38.40844714,26.10889029,3.341393849,28.26050939,35.13728725,22.68175988,36.02553761,41.14895572,17.80442434,31.49574468,33.96222504,36.38564799,40.10691417,30.67558418,50.62097797,22.74230197
27.96519947,36.87161405,22.42748334,38.65237085,49.20894735,29.77607752,40.13829685,35.9250332,35.23326291,32.51494238,24.08882856,3.717004703,29.23452311,34.78349749,22.86243516,34.4879659,33.60162798,15.96635741,33.43392252,34.50398596,36.13903613,39.79025737,29.25348103,40.1134673,23.87677609
28.30814858,36.96837521,22.15609041,39.74245276,45.61482007,31.45995511,37.59774118,34.86492478,34.63958142,34.77538967,23.21761264,3.767234496,28.8879759,34.57403129,21.59573525,34.37672578,34.19006469,16.06542019,33.51861647,33.38040597,33.70900065,42.1830658,28.36846624,30.819501,23.83282499
27.98128031,36.0465054,17.56502277,40.05442542,46.03749966,30.83605453,36.06845283,33.93810149,34.04910676,35.00452977,23.20744867,3.368993994,28.17831917,35.5914133,20.26692919,35.58217972,34.99472156,16.80206459,32.55898669,35.06237175,31.54307618,38.41966297,27.10831036,26.09779022,23.91443082
26.05094759,35.48745142,19.14132585,40.05746601,40.84648521,30.55519996,34.90041775,33.72952971,31.27386802,33.80187833,17.64803308,3.238772361,28.64237442,37.08525462,19.71125325,34.19653077,35.8980762,15.02774206,31.60099756,35.58988469,64.27303805,38.73620846,27.15561164,21.91164306,19.48766432
25.77748019,35.17728452,17.70171037,41.42589406,38.85182431,30.57253426,36.22324627,32.87163958,30.26675048,34.22210395,17.7737912,3.063371813,29.86650082,39.80113047,20.02876255,33.1211927,42.24198462,16.26974098,31.2955293,35.60610668,53.68000474,36.36591888,27.00502746,22.03984548,19.30402282
25.94530764,35.01099613,19.76804074,42.5055588,42.36531137,30.77310082,35.55601551,31.13175711,29.31389826,30.30350253,19.1756685,3.742017267,30.59619684,42.11085454,19.60909138,37.45221453,50.90472029,17.8404573,31.94738094,38.39870487,54.61916933,36.70520484,27.25283746,35.60779293,19.76824677
26.85082452,34.32856318,19.93385994,42.97597484,41.10263223,27.92298256,32.01530723,31.36639981,29.21156443,31.39717425,21.16060322,3.887327307,33.29974309,43.48119829,19.85805945,38.17331879,52.19374529,18.42737005,34.22770585,39.77074147,54.78059538,38.00223562,28.02752784,39.30403514,21.2891891
27.99600818,34.5703729,19.8369763,42.17376752,48.28483817,28.127859,32.87323692,31.06924321,28.53132949,30.77153854,20.86315335,3.929300063,33.40700253,43.45720006,21.03187248,36.51806142,52.7976114,19.5546447,35.67198415,37.2757293,42.54039236,37.88954912,29.21082129,39.91247426,21.33744274
28.16690997,34.89042319,19.79775297,37.17051929,43.38737073,30.93094628,32.12145205,29.50318829,30.90501048,30.56122346,20.97114702,3.528649114,32.34082803,42.67287612,21.58834003,36.96056363,53.29555747,16.02250916,33.59129463,38.04106933,39.82398507,38.04722654,30.89992714,36.01433358,20.77022274
27.97582845,33.82654799,21.55569438,37.07213642,38.87932428,31.9314813,31.92349778,30.20674945,34.31722166,29.99159544,20.60341424,3.611164448,32.67533142,44.04810539,20.78706013,37.67845949,44.55415436,14.70740258,36.94002503,38.22979242,36.60604343,36.51788394,31.16048455,35.75903678,20.58912743
28.60826938,33.92949566,21.61830224,36.09048477,40.71645741,32.53023073,38.37333199,28.72225219,34.6683447,31.08789811,21.27791687,4.438992032,31.16384703,45.3057474,20.48796952,36.69682558,44.45345817,16.38241257,34.35454415,38.63406219,42.33591477,36.62661535,29.96315085,36.71427862,20.21151877
30.1915611,35.8885184,22.5515223,35.77390946,40.18734913,31.13331859,35.61554446,29.39014383,35.73136222,29.63232967,20.80657573,4.388601505,34.28552506,45.15990232,21.1192495,40.14035917,36.97420472,16.23206984,35.38250446,35.8861672,40.12864858,36.03661155,30.66442559,35.9660774,18.06281627
30.91494504,35.48896472,23.72357289,35.87605267,42.8222616,31.41355326,37.75257007,31.12140757,34.95786217,30.15387822,24.87297222,4.784511105,34.51073872,44.39582519,19.83635799,41.03041334,38.66781058,15.31095058,35.28201762,36.01580993,40.70751714,36.14252345,28.57441349,31.57634297,17.42500541
30.61902216,35.45339181,27.87434612,35.92745504,42.39392663,31.36549012,39.2013697,34.34120472,32.98839222,29.13266611,29.1254872,3.91838411,34.78477749,43.14176248,19.54700622,40.58041733,38.2079512,14.03021829,34.5176863,34.23618694,42.80761954,36.6158483,29.42603449,32.24159834,17.50102636
32.61179226,34.03490402,29.49703807,34.96807189,42.83987654,34.1503602,39.9968976,44.81109206,32.35937544,29.45800412,28.83203592,3.806971132,34.0331365,44.21566086,18.5223442,40.86283456,43.67978038,14.15032701,35.10816844,34.70488668,42.47435798,37.00487945,24.88688276,34.63688089,17.68864299
32.68635518,38.49542599,27.7387178,33.3791447,41.29824601,37.91972769,41.19587768,54.77065885,45.93639053,28.05413892,24.97223575,6.09817477,36.92498095,44.31876003,25.66758484,46.92931722,45.12902256,13.93546994,34.93459172,37.32420616,47.08352853,37.05480321,23.62352468,28.47412421,23.72722522
36.03273072,42.95118414,27.84273104,31.81448802,39.33887212,32.63294895,33.1289451,50.73006484,23.8375702,28.64360047,25.8324217,8.763452471,34.49463075,43.94972664,23.43050856,43.99442649,45.97069992,13.71854048,37.85256023,36.86605242,51.58090948,37.10522935,28.4853894,29.00322667,29.11517154
