AGO,ARE,ARG,AUS,AUT,AZE,BEL,BGD,BOL,BRA,CAN,CHE,CHL,CHN,COL,CRI,CZE,DEU,DOM,DZA,ECU,EGY,ESP,FRA,GBR,GHA,GRC,GTM,HKG,HUN,IDN,IND,IRL,IRN,IRQ,ISR,ITA,JPN,KAZ,KEN,KOR,LBN,MAR,MEX,MYS,NGA,NIC,NLD,OMN,PAK,PAN,PER,PHL,POL,QAT,ROU,RUS,SAU,SGP,SWE,THA,TUN,TUR,TWN,TZA,UGA,UKR,USA,VEN,VNM,ZAF
0.000,0.000,0.102,0.236,0.000,0.000,0.000,0.000,0.112,0.490,0.000,0.124,0.000,0.000,0.222,0.000,0.000,0.000,0.221,0.000,0.244,0.102,0.111,0.431,0.222,0.123,0.000,0.119,0.000,0.300,0.208,0.000,0.000,0.000,0.118,0.000,0.099,0.102,0.108,0.675,0.577,0.598,0.000,0.103,0.000,0.000,0.514,0.000,0.125,0.000,0.000,0.000,0.111,0.000,0.000,0.106,0.439,0.314,0.000,0.580,0.196,0.000,0.260,0.226,0.250,0.115,0.471,0.289,0.125,0.000,0.501
0.000,0.113,0.205,0.000,0.000,0.000,0.119,0.117,0.342,0.098,0.000,0.120,0.000,0.000,0.224,0.000,0.000,0.000,0.116,0.000,0.705,0.000,0.234,0.338,0.206,0.119,0.000,0.126,0.000,0.400,0.286,0.105,0.125,0.110,0.238,0.000,0.102,0.493,0.000,0.574,0.303,0.589,0.000,0.304,0.000,0.111,0.126,0.000,0.123,0.000,0.000,0.000,0.115,0.097,0.000,0.196,0.269,0.220,0.110,0.245,0.291,0.000,0.263,0.216,0.110,0.114,0.487,0.193,0.255,0.000,0.887
0.000,0.114,0.102,0.114,0.000,0.000,0.000,0.240,0.113,0.102,0.231,0.000,0.000,0.000,0.306,0.000,0.090,0.000,0.226,0.000,0.366,0.000,0.116,0.308,0.210,0.127,0.000,0.000,0.000,0.679,0.392,0.000,0.000,0.213,0.000,0.000,0.000,0.293,0.397,0.336,0.300,0.468,0.000,0.000,0.099,0.546,0.380,0.000,0.126,0.382,0.000,0.000,0.217,0.000,0.000,0.095,0.300,0.207,0.113,0.365,0.000,0.000,0.265,0.111,0.123,0.227,0.456,0.096,0.245,0.111,0.978
0.117,0.113,0.541,0.350,0.000,0.000,0.000,0.247,0.229,0.297,0.000,0.119,0.000,0.000,0.324,0.000,0.000,0.000,0.000,0.000,0.344,0.000,0.000,0.316,0.107,0.119,0.000,0.130,0.000,0.419,0.306,0.000,0.000,0.000,0.000,0.000,0.101,0.593,0.108,0.345,0.300,0.611,0.000,0.293,0.107,0.107,0.375,0.000,0.126,0.114,0.137,0.000,0.114,0.000,0.000,0.093,0.281,0.211,0.000,0.128,0.296,0.000,0.521,0.000,0.117,0.000,0.484,0.097,0.255,0.000,0.781
0.000,0.112,0.199,0.114,0.125,0.000,0.000,0.000,0.334,0.000,0.111,0.118,0.098,0.000,0.110,0.000,0.276,0.111,0.000,0.223,0.116,0.000,0.215,0.217,0.405,0.121,0.115,0.000,0.116,0.105,0.204,0.000,0.369,0.000,0.122,0.000,0.103,0.696,0.106,0.235,0.203,0.522,0.000,0.101,0.103,0.107,0.130,0.119,0.125,0.116,0.546,0.000,0.113,0.000,0.000,0.099,0.276,0.312,0.000,0.000,0.307,0.000,0.420,0.115,0.121,0.114,0.471,0.099,0.255,0.000,0.692
0.000,0.107,0.542,0.355,0.124,0.000,0.122,0.122,0.223,0.102,0.000,0.236,0.000,0.000,0.213,0.116,0.104,0.231,0.120,0.000,0.111,0.000,0.111,0.110,0.211,0.256,0.000,0.000,0.115,0.104,0.393,0.000,0.122,0.000,0.000,0.093,0.099,0.388,0.000,0.229,0.325,0.237,0.000,0.000,0.103,0.107,0.136,0.116,0.120,0.116,0.136,0.000,0.220,0.097,0.000,0.086,0.282,0.101,0.214,0.120,0.405,0.111,0.597,0.111,0.115,0.000,0.387,0.201,0.232,0.213,0.701
0.121,0.116,0.319,0.227,0.000,0.111,0.000,0.000,0.225,0.000,0.110,0.116,0.000,0.000,0.106,0.000,0.102,0.117,0.000,0.113,0.339,0.000,0.108,0.111,0.000,0.126,0.000,0.117,0.223,0.107,0.401,0.105,0.000,0.000,0.000,0.000,0.100,0.105,0.000,0.348,0.197,0.112,0.000,0.105,0.107,0.104,0.136,0.000,0.124,0.112,0.128,0.000,0.107,0.098,0.000,0.089,0.346,0.106,0.104,0.348,0.194,0.000,0.437,0.000,0.122,0.116,0.387,0.102,0.116,0.000,0.580
0.113,0.115,0.495,0.340,0.000,0.000,0.000,0.000,0.672,0.402,0.110,0.000,0.095,0.000,0.000,0.000,0.085,0.124,0.000,0.000,0.576,0.104,0.113,0.110,0.103,0.238,0.000,0.000,0.113,0.103,0.397,0.104,0.131,0.106,0.000,0.000,0.000,0.305,0.209,0.461,0.199,0.115,0.000,0.101,0.000,0.108,0.263,0.000,0.124,0.114,0.132,0.000,0.110,0.000,0.000,0.172,0.255,0.218,0.114,0.119,0.097,0.000,0.704,0.000,0.113,0.244,0.082,0.100,0.248,0.414,0.289
0.000,0.111,0.302,0.233,0.000,0.103,0.000,0.000,0.441,0.096,0.000,0.000,0.000,0.000,0.000,0.117,0.442,0.000,0.109,0.000,0.870,0.000,0.328,0.108,0.000,0.126,0.000,0.000,0.228,0.190,0.211,0.000,0.000,0.000,0.000,0.000,0.000,0.297,0.000,0.117,0.397,0.219,0.000,0.000,0.490,0.111,0.250,0.000,0.253,0.115,0.000,0.111,0.220,0.397,0.000,0.092,0.310,0.423,0.110,0.117,0.100,0.000,0.258,0.000,0.115,0.119,0.098,0.204,0.113,0.231,0.483
0.000,0.342,0.294,0.105,0.116,0.433,0.000,0.243,0.349,0.000,0.110,0.000,0.000,0.000,0.101,0.000,0.186,0.235,0.000,0.116,0.224,0.000,0.329,0.107,0.280,0.127,0.000,0.000,0.321,0.105,0.197,0.106,0.239,0.223,0.113,0.093,0.099,0.207,0.000,0.328,0.306,0.227,0.100,0.000,0.532,0.215,0.378,0.349,0.387,0.000,0.000,0.116,0.218,0.099,0.000,0.177,0.260,0.107,0.112,0.118,0.205,0.000,0.342,0.113,0.245,0.120,0.347,0.199,0.117,0.219,0.835
0.000,0.000,0.404,0.114,0.119,0.390,0.249,0.246,0.341,0.000,0.000,0.113,0.000,0.000,0.218,0.000,0.180,0.399,0.000,0.000,0.109,0.000,0.213,0.101,0.398,0.127,0.000,0.000,0.227,0.211,0.109,0.000,0.123,0.000,0.121,0.280,0.196,0.100,0.000,0.344,0.474,0.220,0.104,0.292,0.312,0.103,0.407,0.238,0.374,0.000,0.253,0.112,0.218,0.383,0.000,0.474,0.325,0.298,0.108,0.110,0.000,0.000,0.367,0.000,0.364,0.117,0.188,0.204,0.233,0.231,0.277
0.000,0.108,0.102,0.217,0.123,0.326,0.000,0.240,0.222,0.000,0.000,0.000,0.000,0.000,0.328,0.000,0.216,0.199,0.000,0.000,0.111,0.000,0.312,0.105,0.289,0.000,0.000,0.000,0.113,0.321,0.000,0.000,0.241,0.000,0.111,0.180,0.000,0.310,0.413,0.339,0.312,0.106,0.105,0.105,0.522,0.210,0.398,0.121,0.368,0.000,0.132,0.000,0.220,0.190,0.000,0.345,0.091,0.201,0.110,0.107,0.000,0.000,0.184,0.000,0.126,0.124,0.176,0.102,0.233,0.111,0.373
0.000,0.000,0.293,0.238,0.000,0.225,0.000,0.000,0.223,0.000,0.000,0.000,0.000,0.105,0.521,0.000,0.281,0.233,0.116,0.000,0.336,0.000,0.319,0.106,0.203,0.000,0.000,0.000,0.111,0.514,0.196,0.000,0.122,0.000,0.104,0.089,0.000,0.101,0.097,0.232,0.294,0.106,0.204,0.197,0.311,0.307,0.526,0.116,0.586,0.000,0.376,0.000,0.107,0.268,0.000,0.180,0.090,0.098,0.000,0.107,0.095,0.000,0.176,0.000,0.127,0.122,0.245,0.103,0.118,0.108,0.188
0.000,0.000,0.198,0.114,0.000,0.299,0.000,0.000,0.112,0.197,0.000,0.112,0.103,0.098,0.215,0.000,0.000,0.319,0.123,0.000,0.110,0.000,0.323,0.103,0.296,0.000,0.000,0.000,0.116,0.098,0.000,0.205,0.114,0.000,0.000,0.087,0.000,0.101,0.207,0.339,0.394,0.199,0.101,0.000,0.305,0.324,0.379,0.115,0.368,0.000,0.133,0.125,0.000,0.284,0.000,0.170,0.089,0.099,0.000,0.000,0.096,0.000,0.172,0.000,0.120,0.124,0.517,0.196,0.240,0.224,0.094
0.000,0.000,0.376,0.113,0.000,0.341,0.000,0.000,0.342,0.099,0.000,0.112,0.000,0.000,0.109,0.000,0.105,0.329,0.356,0.000,0.111,0.000,0.319,0.106,0.887,0.239,0.000,0.122,0.229,0.185,0.100,0.000,0.369,0.000,0.114,0.088,0.204,0.099,0.298,0.224,0.296,0.107,0.110,0.197,0.000,0.105,0.393,0.000,0.343,0.000,0.132,0.114,0.000,0.276,0.000,0.156,0.000,0.100,0.000,0.406,0.097,0.000,0.000,0.000,0.119,0.122,0.648,0.396,0.118,0.221,0.095
0.102,0.000,0.229,0.000,0.000,0.175,0.000,0.000,0.095,0.086,0.000,0.197,0.000,0.000,0.261,0.000,0.238,0.376,0.000,0.000,0.274,0.088,0.186,0.090,0.419,0.107,0.000,0.198,0.094,0.089,0.179,0.094,0.101,0.260,0.000,0.080,0.182,0.267,0.187,0.198,0.349,0.286,0.088,0.085,0.000,0.370,0.439,0.000,0.330,0.000,0.000,0.101,0.183,0.249,0.000,0.169,0.084,0.258,0.000,0.096,0.000,0.000,0.155,0.093,0.109,0.000,0.531,0.259,0.104,0.094,0.087
0.110,0.000,0.825,0.000,0.000,0.204,0.000,0.104,0.200,0.630,0.101,0.109,0.000,0.090,0.281,0.000,0.098,0.211,0.000,0.000,0.197,0.000,0.414,0.202,0.381,0.111,0.000,0.000,0.104,0.097,0.000,0.000,0.113,0.095,0.000,0.090,0.096,0.090,0.191,0.111,0.269,0.282,0.101,0.000,0.000,0.100,0.244,0.000,0.339,0.000,0.112,0.108,0.197,0.249,0.116,0.244,0.179,0.095,0.000,0.102,0.093,0.316,0.078,0.205,0.111,0.000,0.651,0.183,0.215,0.101,0.344
0.105,0.000,1.175,0.000,0.000,0.000,0.117,0.000,0.000,0.625,0.101,0.000,0.000,0.000,0.391,0.000,0.551,0.415,0.000,0.100,0.097,0.000,0.194,0.096,0.458,0.115,0.000,0.000,0.108,0.201,0.000,0.000,0.316,0.099,0.000,0.087,0.000,0.095,0.197,0.099,0.285,0.186,0.102,0.187,0.000,0.197,0.247,0.323,0.487,0.000,0.000,0.104,0.198,0.435,0.000,0.177,0.000,0.091,0.000,0.102,0.000,0.000,0.079,0.000,0.112,0.000,0.483,0.274,0.109,0.204,0.254
0.000,0.000,0.655,0.104,0.000,0.000,0.115,0.000,0.000,0.178,0.000,0.000,0.000,0.000,0.382,0.000,0.096,0.192,0.104,0.000,0.000,0.000,0.311,0.100,0.449,0.115,0.000,0.000,0.102,0.381,0.000,0.000,0.114,0.000,0.000,0.092,0.000,0.000,0.190,0.307,0.188,0.391,0.100,0.271,0.095,0.291,0.244,0.000,0.339,0.105,0.233,0.106,0.102,0.254,0.000,0.167,0.318,0.093,0.000,0.000,0.000,0.000,0.150,0.000,0.109,0.000,0.445,0.182,0.109,0.101,0.162
0.000,0.093,0.378,0.095,0.000,0.000,0.114,0.000,0.000,0.180,0.198,0.105,0.000,0.261,0.362,0.000,0.185,0.194,0.000,0.000,0.092,0.000,0.101,0.097,0.334,0.106,0.000,0.000,0.106,0.282,0.000,0.085,0.108,0.194,0.000,0.174,0.095,0.086,0.000,0.389,0.269,0.207,0.099,0.000,0.000,0.184,0.349,0.000,0.331,0.000,0.000,0.103,0.553,0.258,0.000,0.182,0.149,0.000,0.092,0.000,0.000,0.000,0.241,0.210,0.111,0.000,0.551,0.089,0.102,0.095,0.157
0.105,0.000,0.767,0.099,0.000,0.000,0.119,0.000,0.104,0.354,0.203,0.106,0.000,0.089,0.205,0.000,0.000,0.195,0.000,0.218,0.000,0.000,0.107,0.101,0.174,0.112,0.000,0.000,0.327,0.388,0.000,0.000,0.226,0.199,0.103,0.092,0.000,0.357,0.000,0.205,0.091,0.446,0.195,0.277,0.000,0.378,0.666,0.000,0.356,0.000,0.116,0.000,0.493,0.327,0.000,0.265,0.088,0.000,0.000,0.105,0.089,0.102,0.398,0.217,0.114,0.000,0.801,0.094,0.109,0.098,0.166
0.221,0.000,0.550,0.104,0.000,0.000,0.000,0.000,0.000,0.082,0.306,0.108,0.000,0.087,0.285,0.000,0.152,0.196,0.000,0.000,0.197,0.000,0.102,0.094,0.258,0.248,0.000,0.000,0.203,0.375,0.276,0.000,0.443,0.000,0.102,0.173,0.000,0.270,0.000,0.199,0.466,0.286,0.099,0.093,0.000,0.289,0.568,0.425,0.342,0.000,0.240,0.000,0.382,0.447,0.000,0.081,0.369,0.287,0.000,0.322,0.000,0.000,0.228,0.213,0.110,0.000,0.734,0.275,0.215,0.000,0.167
0.000,0.000,0.481,0.104,0.000,0.000,0.000,0.000,0.000,0.088,0.204,0.000,0.000,0.087,0.577,0.000,0.172,0.094,0.000,0.000,0.099,0.000,0.304,0.092,0.247,0.241,0.102,0.000,0.212,0.200,0.202,0.174,0.112,0.112,0.213,0.086,0.095,0.088,0.000,0.411,0.371,0.276,0.098,0.190,0.094,0.197,0.346,0.438,0.350,0.000,0.124,0.000,0.305,0.606,0.000,0.088,0.255,0.268,0.200,0.216,0.179,0.100,0.157,0.206,0.113,0.215,0.524,0.373,0.211,0.204,0.337
0.000,0.000,0.521,0.096,0.101,0.000,0.000,0.000,0.091,0.248,0.185,0.193,0.000,0.155,0.619,0.000,0.089,0.272,0.096,0.000,0.276,0.000,0.273,0.089,0.300,0.202,0.000,0.000,0.189,0.268,0.174,0.081,0.104,0.000,0.181,0.086,0.000,0.085,0.000,0.185,0.507,0.357,0.174,0.168,0.000,0.267,0.414,0.592,0.312,0.000,0.216,0.000,0.277,0.239,0.000,0.155,0.079,0.175,0.090,0.296,0.083,0.094,0.222,0.196,0.204,0.098,0.548,0.256,0.000,0.190,0.076
0.000,0.492,0.555,0.106,0.110,0.000,0.000,0.109,0.100,0.088,0.107,0.213,0.000,0.363,0.471,0.101,0.097,0.099,0.000,0.000,0.108,0.298,0.300,0.396,0.361,0.232,0.000,0.000,0.195,0.384,0.288,0.094,0.000,0.313,0.101,0.089,0.000,0.000,0.085,0.103,0.458,0.314,0.096,0.000,0.098,1.229,0.677,0.220,0.339,0.000,0.116,0.000,0.298,0.444,0.000,0.078,0.000,0.360,0.000,0.331,0.092,0.099,0.237,0.200,0.227,0.000,0.377,0.279,0.101,0.101,0.167
0.000,0.221,0.635,0.105,0.000,0.093,0.000,0.109,0.102,0.443,0.205,0.214,0.209,0.090,0.191,0.106,0.097,0.103,0.000,0.000,0.103,0.099,0.404,0.184,0.353,0.221,0.098,0.000,0.213,0.386,0.098,0.000,0.000,0.000,0.200,0.082,0.000,0.190,0.000,0.103,0.263,0.301,0.103,0.368,0.099,0.590,0.468,0.222,0.339,0.000,0.000,0.104,0.509,0.630,0.113,0.176,0.000,0.307,0.000,0.435,0.172,0.000,0.330,0.197,0.117,0.000,0.260,0.661,0.000,0.100,0.085
0.000,0.000,0.656,0.102,0.119,0.000,0.000,0.108,0.200,0.088,0.108,0.106,0.000,0.172,0.187,0.104,0.291,0.000,0.000,0.110,0.203,0.096,0.288,0.280,0.493,0.335,0.000,0.000,0.298,0.292,0.093,0.000,0.000,0.095,0.317,0.084,0.000,0.286,0.096,0.206,0.266,0.323,0.105,0.091,0.185,0.874,0.112,0.214,0.332,0.000,0.000,0.104,0.295,0.444,0.000,0.000,0.000,0.183,0.000,0.109,0.000,0.000,0.076,0.000,0.108,0.221,0.636,0.281,0.098,0.103,0.248
0.222,0.000,0.571,0.103,0.000,0.000,0.000,0.211,0.205,0.000,0.215,0.214,0.000,0.349,0.189,0.000,0.486,0.000,0.000,0.101,0.298,0.099,0.195,0.281,0.655,0.108,0.000,0.000,0.203,0.177,0.185,0.091,0.000,0.388,0.306,0.087,0.000,0.277,0.000,0.204,0.177,0.321,0.109,0.182,0.091,0.660,0.240,0.427,0.349,0.000,0.231,0.102,0.402,0.353,0.000,0.086,0.000,0.184,0.000,0.218,0.000,0.000,0.000,0.102,0.111,0.000,0.082,0.289,0.197,0.202,0.243
0.000,0.000,0.645,0.096,0.112,0.000,0.000,0.215,0.000,0.000,0.102,0.321,0.000,0.262,0.096,0.000,0.288,0.000,0.103,0.000,0.401,0.102,0.298,0.180,0.726,0.114,0.000,0.000,0.212,0.177,0.273,0.176,0.000,0.092,0.211,0.092,0.000,0.358,0.096,0.102,0.269,0.284,0.104,0.000,0.102,0.981,0.114,0.435,0.340,0.000,0.000,0.204,0.201,0.438,0.000,0.176,0.000,0.265,0.000,0.108,0.000,0.000,0.079,0.103,0.113,0.214,0.000,0.271,0.000,0.208,0.259
0.000,0.105,1.123,0.106,0.000,0.000,0.108,0.107,0.102,0.177,0.207,0.105,0.102,0.349,0.096,0.109,0.585,0.098,0.104,0.000,0.511,0.098,0.268,0.237,0.335,0.335,0.000,0.109,0.212,0.358,0.091,0.179,0.103,0.000,0.110,0.086,0.096,0.000,0.000,0.419,0.267,0.202,0.108,0.000,0.189,0.673,0.112,0.428,0.446,0.207,0.000,0.202,0.195,0.359,0.112,0.263,0.280,0.287,0.000,0.113,0.168,0.000,0.237,0.327,0.110,0.000,0.000,0.273,0.106,0.214,0.355
0.000,0.000,1.028,0.105,0.000,0.000,0.113,0.107,0.298,0.000,0.312,0.000,0.100,0.440,0.094,0.000,0.098,0.000,0.104,0.000,0.313,0.000,0.333,0.229,0.334,0.114,0.000,0.000,0.309,0.388,0.196,0.273,0.000,0.000,0.210,0.176,0.000,0.191,0.175,0.198,0.272,0.720,0.104,0.185,0.094,0.772,0.105,0.431,0.562,0.211,0.227,0.504,0.099,0.348,0.000,0.254,0.191,0.184,0.000,0.109,0.000,0.323,0.228,0.209,0.214,0.000,0.000,0.092,0.000,0.313,0.691
0.000,0.000,1.166,0.205,0.000,0.000,0.000,0.000,0.206,0.178,0.624,0.000,0.098,0.359,0.095,0.000,0.088,0.000,0.315,0.000,0.304,0.097,0.165,0.466,0.435,0.116,0.000,0.109,0.316,0.489,0.095,0.086,0.000,0.000,0.216,0.088,0.000,0.091,0.000,0.495,0.372,0.103,0.209,0.271,0.097,0.799,0.440,0.662,0.458,0.097,0.000,0.401,0.198,0.085,0.000,0.087,0.256,0.191,0.000,0.112,0.000,0.421,0.248,0.203,0.226,0.216,0.000,0.558,0.324,0.203,0.171
0.000,0.000,0.918,0.308,0.000,0.000,0.108,0.000,0.000,0.177,0.209,0.107,0.200,0.353,0.000,0.000,0.000,0.000,0.000,0.106,0.502,0.000,0.161,0.086,0.251,0.116,0.000,0.000,0.316,0.570,0.097,0.092,0.182,0.000,0.211,0.000,0.257,0.093,0.000,0.311,0.271,0.103,0.109,0.190,0.000,0.773,0.231,0.757,0.343,0.095,0.000,0.298,0.000,0.173,0.000,0.166,0.308,0.193,0.000,0.223,0.093,0.000,0.321,0.204,0.118,0.117,0.000,0.188,0.210,0.305,0.264
0.210,0.204,0.371,0.191,0.098,0.000,0.217,0.000,0.102,0.257,0.201,0.111,0.191,0.463,0.099,0.192,0.000,0.000,0.000,0.000,0.295,0.000,0.168,0.161,0.328,0.228,0.000,0.105,0.194,0.290,0.000,0.191,0.189,0.193,0.105,0.196,0.000,0.094,0.305,0.398,0.564,0.106,0.000,0.177,0.000,0.368,0.231,0.565,0.340,0.096,0.000,0.294,0.000,0.265,0.222,0.087,0.090,0.190,0.000,0.221,0.351,0.102,0.333,0.207,0.000,0.000,0.000,0.371,0.201,0.209,0.604
0.108,0.103,0.798,0.309,0.000,0.000,0.110,0.000,0.000,0.000,0.395,0.222,0.099,0.175,0.196,0.198,0.000,0.000,0.106,0.000,0.590,0.194,0.089,0.157,0.237,0.000,0.000,0.114,0.104,0.464,0.000,0.000,0.000,0.000,0.323,0.093,0.083,0.268,0.190,0.103,0.391,0.106,0.000,0.092,0.000,0.778,0.441,0.000,0.341,0.199,0.239,0.289,0.000,0.080,0.113,0.000,0.000,0.087,0.000,0.000,0.285,0.101,0.234,0.310,0.117,0.000,0.000,0.087,0.000,0.106,0.348
0.104,0.313,0.721,0.203,0.099,0.206,0.117,0.000,0.000,0.252,0.102,0.000,0.093,0.089,0.097,0.199,0.000,0.075,0.000,0.097,0.610,0.096,0.485,0.079,0.403,0.112,0.000,0.208,0.104,0.400,0.000,0.000,0.000,0.000,0.344,0.196,0.079,0.258,0.000,0.103,0.438,0.107,0.000,0.568,0.000,0.487,0.000,0.000,0.227,0.103,0.241,0.292,0.000,0.086,0.000,0.000,0.080,0.087,0.000,0.000,0.178,0.207,0.236,0.413,0.000,0.221,0.000,0.085,0.000,0.204,0.181
0.099,0.093,0.819,0.378,0.000,0.000,0.103,0.099,0.186,0.308,0.094,0.000,0.088,0.084,0.089,0.000,0.000,0.000,0.000,0.086,0.285,0.265,0.080,0.149,0.543,0.209,0.000,0.200,0.094,0.259,0.000,0.000,0.000,0.000,0.100,0.168,0.000,0.244,0.000,0.195,0.328,0.000,0.000,0.165,0.000,0.352,0.214,0.000,0.204,0.000,0.226,0.270,0.000,0.167,0.000,0.000,0.232,0.082,0.000,0.095,0.344,0.546,0.297,0.282,0.000,0.000,0.081,0.160,0.372,0.000,0.341
0.105,0.204,0.473,0.206,0.000,0.000,0.235,0.000,0.206,0.000,0.104,0.000,0.195,0.000,0.204,0.000,0.000,0.090,0.207,0.000,0.303,0.087,0.092,0.096,0.502,0.342,0.000,0.099,0.103,0.470,0.000,0.000,0.092,0.000,0.217,0.000,0.000,0.159,0.000,0.104,0.366,0.198,0.000,0.000,0.098,0.393,0.334,0.112,0.223,0.000,0.253,0.094,0.100,0.170,0.000,0.084,0.083,0.352,0.000,0.103,0.355,0.385,0.227,0.105,0.000,0.438,0.087,0.243,0.000,0.000,0.274
0.206,0.319,0.495,0.205,0.000,0.000,0.204,0.000,0.105,0.000,0.095,0.000,0.095,0.000,0.297,0.100,0.000,0.000,0.000,0.000,0.204,0.087,0.436,0.087,0.312,0.344,0.000,0.105,0.101,0.295,0.000,0.000,0.000,0.000,0.219,0.174,0.000,0.160,0.000,0.215,0.362,0.101,0.000,0.274,0.095,0.573,0.566,0.000,0.109,0.000,0.245,0.099,0.000,0.428,0.000,0.086,0.160,0.193,0.000,0.000,0.356,0.695,0.302,0.105,0.000,0.225,0.000,0.166,0.000,0.095,0.628
0.110,0.198,0.194,0.102,0.000,0.000,0.107,0.000,0.000,0.489,0.097,0.000,0.093,0.000,0.000,0.000,0.000,0.000,0.000,0.198,0.207,0.087,0.000,0.087,0.223,0.229,0.000,0.418,0.101,0.190,0.000,0.000,0.000,0.000,0.110,0.095,0.000,0.624,0.000,0.209,0.273,0.000,0.000,0.365,0.000,0.379,0.468,0.207,0.228,0.000,0.000,0.867,0.000,0.170,0.000,0.000,0.263,0.185,0.000,0.000,0.267,0.287,0.302,0.104,0.118,0.000,0.000,0.000,0.000,0.000,0.447
0.110,0.194,0.191,0.102,0.000,0.000,0.107,0.106,0.000,0.083,0.100,0.000,0.096,0.000,0.096,0.099,0.395,0.000,0.000,0.195,0.098,0.091,0.085,0.414,0.400,0.353,0.000,0.316,0.103,0.188,0.000,0.000,0.000,0.093,0.113,0.184,0.000,0.555,0.000,0.104,0.181,0.107,0.000,0.535,0.000,0.399,0.347,0.000,0.113,0.000,0.000,0.820,0.000,0.358,0.112,0.176,0.396,0.095,0.000,0.422,0.184,0.384,0.230,0.105,0.000,0.000,0.274,0.085,0.412,0.104,0.359
0.110,0.193,0.462,0.102,0.000,0.000,0.109,0.106,0.102,0.000,0.194,0.000,0.098,0.000,0.098,0.100,0.100,0.096,0.104,0.105,0.304,0.186,0.000,0.081,0.569,0.232,0.000,0.542,0.103,0.188,0.000,0.000,0.000,0.000,0.210,0.186,0.000,0.462,0.000,0.528,0.178,0.402,0.000,0.287,0.000,0.294,0.457,0.000,0.116,0.212,0.000,1.459,0.000,0.252,0.000,0.091,0.254,0.181,0.000,0.103,0.091,0.788,0.253,0.107,0.000,0.000,0.091,0.083,0.094,0.206,0.178
0.107,0.195,0.189,0.205,0.112,0.000,0.108,0.000,0.305,0.000,0.293,0.000,0.000,0.000,0.098,0.000,0.100,0.183,0.000,0.097,0.102,0.169,0.000,0.169,0.321,0.237,0.188,0.726,0.187,0.277,0.190,0.000,0.000,0.099,0.113,0.176,0.088,0.367,0.000,0.103,0.185,0.000,0.094,0.096,0.000,0.288,0.551,0.000,0.217,0.207,0.120,0.537,0.000,0.171,0.000,0.085,0.401,0.000,0.000,0.203,0.188,0.505,0.487,0.208,0.000,0.111,0.091,0.251,0.000,0.000,0.354
0.109,0.207,0.178,0.184,0.106,0.000,0.211,0.000,0.305,0.000,0.096,0.110,0.000,0.000,0.294,0.205,0.198,0.090,0.207,0.098,0.198,0.292,0.088,0.246,0.386,0.359,0.452,0.314,0.099,0.189,0.083,0.000,0.098,0.000,0.227,0.186,0.560,0.514,0.089,0.519,0.177,0.000,0.200,0.083,0.097,1.048,0.661,0.103,0.115,0.108,0.000,0.836,0.000,0.270,0.000,0.086,0.324,0.000,0.000,0.221,0.367,0.877,0.376,0.318,0.000,0.000,0.184,0.083,1.138,0.105,0.841
0.114,0.200,0.269,0.573,0.000,0.000,0.213,0.000,0.402,0.000,0.185,0.407,0.000,0.000,0.194,0.103,0.202,0.000,0.206,0.403,0.101,0.177,0.442,0.242,0.295,0.602,0.352,0.000,0.101,0.288,0.245,0.258,0.000,0.000,0.105,0.167,0.465,0.171,0.000,0.107,0.172,0.000,0.103,0.000,0.000,0.580,0.873,0.000,0.113,0.324,0.435,0.578,0.198,0.168,0.000,0.087,0.543,0.000,0.000,0.456,0.092,1.109,0.319,0.107,0.346,0.226,0.093,0.234,0.942,0.000,0.512
0.212,0.000,0.266,0.286,0.000,0.000,0.099,0.000,0.000,0.000,0.193,0.331,0.000,0.000,0.294,0.099,0.104,0.000,0.104,0.107,0.303,0.086,0.092,0.080,0.471,0.723,0.000,0.196,0.100,0.374,0.171,0.000,0.097,0.000,0.214,0.169,0.176,0.178,0.000,0.208,0.176,0.000,0.100,0.258,0.000,0.782,0.219,0.000,0.226,0.209,0.112,0.394,0.099,0.525,0.105,0.000,0.238,0.000,0.000,0.000,0.189,0.677,0.392,0.311,0.234,0.227,0.460,0.499,0.781,0.098,0.423
0.327,0.000,0.266,0.000,0.104,0.000,0.214,0.000,0.098,0.083,0.193,0.326,0.000,0.089,0.295,0.196,0.000,0.000,0.000,0.100,0.100,0.267,0.184,0.328,0.317,0.700,0.258,0.288,0.298,0.285,0.085,0.088,0.399,0.000,0.105,0.169,0.547,0.166,0.000,0.204,0.265,0.215,0.102,0.172,0.000,0.488,0.113,0.103,0.112,0.103,0.000,0.187,0.300,0.192,0.000,0.088,0.081,0.000,0.101,0.110,0.000,0.466,0.388,0.309,0.334,0.332,0.093,0.247,0.488,0.000,0.565
0.218,0.205,0.089,0.096,0.103,0.000,0.326,0.000,0.000,0.247,0.192,0.109,0.000,0.000,0.491,0.101,0.000,0.090,0.213,0.101,0.096,0.623,0.000,0.360,0.163,0.667,0.086,0.103,0.099,0.394,0.166,0.000,0.388,0.000,0.112,0.167,0.287,0.346,0.000,0.106,0.262,0.325,0.100,0.433,0.000,0.485,0.110,0.095,0.114,0.098,0.118,0.097,0.102,0.179,0.000,0.087,0.086,0.098,0.197,0.112,0.000,0.401,0.411,0.520,0.318,0.000,0.093,0.243,0.692,0.000,0.660
0.195,0.172,0.169,0.084,0.098,0.091,0.097,0.000,0.000,0.076,0.254,0.000,0.092,0.079,0.177,0.090,0.093,0.082,0.279,0.096,0.093,0.515,0.173,0.316,0.206,0.387,0.083,0.094,0.176,0.263,0.080,0.000,0.340,0.000,0.295,0.086,0.435,0.157,0.000,0.094,0.617,0.098,0.091,0.407,0.000,0.448,0.101,0.089,0.201,0.090,0.000,0.177,0.087,0.245,0.000,0.079,0.157,0.000,0.086,0.410,0.082,0.349,0.354,0.355,0.300,0.190,0.086,0.237,0.455,0.000,0.700
0.000,0.099,0.559,0.000,0.000,0.000,0.000,0.000,0.000,0.082,0.378,0.111,0.000,0.252,0.196,0.385,0.000,0.179,0.312,0.197,0.100,0.370,0.000,0.329,0.154,0.679,0.000,0.000,0.096,0.278,0.084,0.000,0.100,0.091,0.321,0.088,0.267,0.436,0.096,0.496,0.526,0.208,0.000,0.511,0.000,0.469,0.109,0.000,0.208,0.105,0.000,0.389,0.202,0.185,0.000,0.257,0.168,0.000,0.099,0.000,0.093,0.500,0.247,0.317,0.313,0.204,0.187,0.083,0.301,0.100,0.663
0.000,0.105,0.368,0.096,0.106,0.000,0.097,0.202,0.000,0.000,0.196,0.219,0.000,0.168,0.197,0.201,0.101,0.089,0.220,0.102,0.101,0.548,0.090,0.353,0.230,0.443,0.319,0.000,0.098,0.380,0.083,0.255,0.378,0.100,0.219,0.265,0.176,0.436,0.098,0.205,0.525,0.211,0.000,0.336,0.295,0.545,0.104,0.000,0.116,0.103,0.106,0.504,0.000,0.090,0.000,0.000,0.173,0.095,0.000,0.445,0.087,0.909,0.570,0.414,0.320,0.307,0.270,0.080,0.199,0.099,0.725
0.000,0.105,0.366,0.191,0.106,0.000,0.107,0.000,0.000,0.000,0.193,0.227,0.000,0.267,0.000,0.303,0.097,0.257,0.512,0.101,0.201,0.393,0.093,0.507,0.157,0.371,0.156,0.000,0.097,0.296,0.091,0.000,0.183,0.000,0.209,0.089,0.162,0.185,0.000,0.598,0.572,0.105,0.000,0.353,0.000,0.508,0.110,0.091,0.121,0.102,0.000,0.486,0.000,0.096,0.115,0.000,0.090,0.000,0.000,0.332,0.097,0.777,0.420,0.315,0.353,0.235,0.097,0.000,0.474,0.321,0.735
0.112,0.000,0.527,0.268,0.299,0.000,0.103,0.000,0.286,0.000,0.191,0.114,0.000,0.191,0.000,0.099,0.190,0.180,0.202,0.208,0.099,0.663,0.098,0.243,0.162,0.359,0.160,0.000,0.195,0.296,0.437,0.000,0.394,0.000,0.221,0.082,0.270,0.089,0.000,0.233,0.561,0.105,0.000,0.686,0.000,0.515,0.108,0.170,0.123,0.104,0.000,0.285,0.000,0.095,0.109,0.178,0.088,0.105,0.000,0.220,0.098,0.662,0.603,0.208,0.443,0.234,0.099,0.000,0.949,0.109,0.648
0.112,0.117,0.414,0.273,0.538,0.000,0.341,0.000,0.191,0.162,0.258,0.101,0.124,0.270,0.000,0.076,0.448,0.660,0.128,0.094,0.162,0.796,0.429,0.564,0.486,0.376,0.689,0.084,0.317,0.347,0.877,0.000,0.488,0.000,0.328,0.154,0.585,0.237,0.179,0.486,0.479,0.199,0.000,0.455,0.170,0.569,0.144,0.453,0.128,0.098,0.000,0.208,0.000,0.159,0.116,0.092,0.076,0.000,0.091,0.344,0.089,0.728,0.697,0.175,0.494,0.269,0.221,0.457,0.746,0.102,0.722
0.070,0.000,0.185,0.353,0.176,0.000,0.203,0.098,0.181,0.245,0.358,0.280,0.133,0.102,0.077,0.103,0.254,0.723,0.000,0.103,0.094,1.286,0.682,0.252,0.379,0.366,0.258,0.095,0.089,0.918,0.086,0.125,0.243,0.000,0.213,0.252,0.404,0.334,0.000,0.316,0.489,0.308,0.000,0.316,0.000,0.433,0.102,0.179,0.320,0.231,0.601,0.242,0.000,0.095,0.177,0.242,0.426,0.000,0.000,0.168,0.241,0.452,0.615,0.238,0.309,0.145,0.168,0.474,0.660,0.246,0.687
0.000,0.101,0.275,0.212,0.216,0.125,0.233,0.122,0.292,0.200,0.208,0.131,0.089,0.317,0.000,0.089,0.105,0.566,0.000,0.127,0.235,0.792,0.266,0.400,0.265,0.447,0.251,0.000,0.099,0.624,0.259,0.115,0.533,0.162,0.245,0.091,0.691,0.209,0.000,0.634,0.431,0.121,0.000,0.325,0.247,0.432,0.128,0.220,0.353,0.101,0.280,0.381,0.089,0.177,0.130,0.351,0.914,0.187,0.105,0.129,0.121,0.483,0.384,0.371,0.392,0.217,0.288,0.462,0.363,0.091,0.881
0.112,0.550,0.158,0.079,0.532,0.000,0.182,0.000,0.215,0.099,0.324,0.233,0.094,0.085,0.292,0.226,0.156,0.345,0.000,0.092,0.174,1.008,0.368,0.365,0.457,0.747,0.354,0.126,0.156,0.532,0.232,0.057,0.622,0.000,0.202,0.091,0.522,0.245,0.000,0.358,0.495,0.161,0.000,0.194,0.194,0.335,0.100,0.282,0.400,0.200,0.000,0.163,0.203,0.247,0.000,0.474,0.239,0.086,0.077,0.187,0.231,0.475,0.343,0.197,0.208,0.344,0.184,0.277,0.359,0.090,1.039
0.000,0.000,0.325,0.000,0.360,0.000,0.198,0.115,0.292,0.080,0.232,0.435,0.086,0.138,0.126,0.173,0.152,0.525,0.127,0.203,0.325,0.405,0.605,0.338,0.128,0.274,0.256,0.000,0.086,0.448,0.087,0.061,0.392,0.263,0.176,0.098,0.311,0.364,0.000,0.498,0.403,0.217,0.000,0.120,0.000,0.524,0.297,0.069,0.093,0.092,0.000,0.368,0.000,0.094,0.000,0.089,0.332,0.085,0.195,0.477,0.089,0.999,0.285,0.275,0.000,0.120,0.095,0.115,0.598,0.103,0.576
0.000,0.000,0.455,0.066,0.199,0.000,0.119,0.088,0.324,0.420,0.310,0.198,0.192,0.181,0.191,0.375,0.201,0.193,0.270,0.112,0.405,0.743,0.409,0.334,0.395,0.265,0.068,0.186,0.075,0.341,0.141,0.000,0.536,0.097,0.177,0.291,0.412,0.256,0.091,0.436,0.327,0.102,0.000,0.504,0.000,0.650,0.636,0.400,0.087,0.078,0.243,0.417,0.000,0.179,0.100,0.175,0.287,0.095,0.086,0.216,0.160,1.418,0.580,0.224,0.242,0.096,0.000,0.480,0.453,0.108,0.861
0.000,0.298,0.355,0.081,0.220,0.000,0.215,0.137,0.160,0.553,0.220,0.000,0.061,0.328,0.186,0.237,0.173,0.320,0.000,0.153,0.577,0.466,0.303,0.247,0.446,0.342,0.186,0.000,0.098,0.357,0.096,0.126,0.524,0.192,0.140,0.064,0.519,0.405,0.000,0.221,0.444,0.247,0.000,0.142,0.000,0.488,0.245,0.235,0.100,0.162,0.000,0.231,0.082,0.059,0.000,0.325,0.162,0.149,0.087,0.251,0.074,0.642,0.289,0.247,0.210,0.098,0.097,0.711,0.281,0.085,0.405
0.112,0.000,0.352,0.000,0.189,0.000,0.291,0.191,0.273,0.567,0.266,0.207,0.319,0.160,0.259,0.413,0.093,0.145,0.143,0.435,0.461,0.452,0.074,0.322,0.288,0.484,0.118,0.220,0.092,0.511,0.083,0.000,0.359,0.125,0.189,0.097,0.710,0.218,0.000,0.279,0.363,0.588,0.000,0.657,0.000,0.425,0.275,0.228,0.127,0.000,0.332,0.329,0.000,0.284,0.000,0.242,0.338,0.305,0.000,0.085,0.290,0.983,0.322,0.240,0.125,0.221,0.229,0.512,1.321,0.081,0.698
0.000,0.104,0.445,0.000,0.200,0.000,0.115,0.000,0.236,0.147,0.182,0.000,0.131,0.042,0.273,0.212,0.125,0.176,0.157,0.151,0.260,0.264,0.139,0.326,0.269,0.358,0.053,0.087,0.152,0.665,0.061,0.062,0.358,0.078,0.242,0.081,0.401,0.063,0.095,0.664,0.136,0.746,0.000,0.247,0.000,0.422,0.103,0.376,0.103,0.000,0.110,0.348,0.000,0.079,0.000,0.754,0.455,0.100,0.000,0.109,0.072,0.711,0.301,0.074,0.265,0.215,0.289,0.325,0.594,0.164,0.846
0.000,0.288,0.467,0.065,0.168,0.000,0.249,0.083,0.085,0.603,0.174,0.384,0.372,0.154,0.333,0.157,0.000,0.352,0.129,0.243,0.531,0.430,0.068,0.193,0.402,0.283,0.094,0.096,0.079,0.318,0.139,0.061,0.228,0.227,0.292,0.000,0.668,0.396,0.000,0.602,0.070,0.975,0.000,0.231,0.162,0.596,0.160,0.174,0.098,0.000,0.098,0.369,0.000,0.089,0.100,0.320,0.335,0.000,0.083,0.191,0.081,1.124,0.293,0.070,0.492,0.128,0.324,0.505,0.441,0.084,0.481
0.092,0.216,0.151,0.000,0.467,0.133,0.260,0.298,0.236,0.186,0.091,0.000,0.109,0.094,0.050,0.080,0.124,0.687,0.000,0.249,0.647,0.865,0.061,0.236,0.398,0.394,0.070,0.000,0.079,0.411,0.177,0.239,0.423,0.266,0.448,0.151,0.452,0.068,0.000,1.187,0.352,0.930,0.089,0.129,0.165,0.721,0.158,0.000,0.101,0.000,0.000,0.144,0.167,0.245,0.000,0.750,0.459,0.090,0.000,0.408,0.078,0.554,0.275,0.236,0.105,0.109,0.528,0.140,0.228,0.197,0.715
0.096,0.108,0.372,0.000,0.372,0.000,0.255,0.239,0.213,0.099,0.000,0.000,0.445,0.043,0.205,0.288,0.000,0.457,0.000,0.091,0.277,0.333,0.148,0.239,0.133,0.189,0.131,0.162,0.182,0.266,0.085,0.116,0.179,0.404,0.198,0.000,0.404,0.000,0.000,0.266,0.209,0.567,0.000,0.298,0.105,0.357,0.187,0.078,0.124,0.000,0.519,0.350,0.000,0.000,0.124,0.740,0.225,0.084,0.000,0.253,0.105,0.557,0.842,0.169,0.131,0.107,0.107,0.099,0.172,0.107,0.545
0.000,0.105,0.232,0.074,0.446,0.000,0.184,0.294,0.681,0.253,0.000,0.134,0.271,0.102,0.077,0.132,0.201,0.211,0.263,0.199,0.433,0.340,0.000,0.222,0.349,0.362,0.000,0.185,0.181,0.524,0.082,0.205,0.244,0.115,0.100,0.144,0.081,0.000,0.000,0.627,0.075,0.749,0.000,0.130,0.407,0.456,0.332,0.157,0.106,0.085,0.326,0.438,0.000,0.073,0.000,0.287,0.248,0.000,0.000,0.405,0.192,0.461,0.318,0.274,0.261,0.000,0.116,0.090,0.261,0.277,0.617
0.000,0.096,0.386,0.210,0.321,0.114,0.254,0.417,0.216,0.041,0.105,0.100,0.126,0.093,0.108,0.115,0.205,0.446,0.000,0.313,0.272,0.325,0.222,0.138,0.256,0.313,0.184,0.077,0.000,0.339,0.000,0.122,0.273,0.206,0.107,0.244,0.184,0.060,0.203,1.215,0.212,0.669,0.000,0.053,0.198,0.434,0.099,0.073,0.093,0.000,0.274,0.202,0.088,0.000,0.000,0.509,0.072,0.000,0.189,0.244,0.089,0.332,0.257,0.241,0.100,0.000,0.292,0.143,0.000,0.118,0.455
0.000,0.085,0.249,0.146,0.385,0.105,0.117,0.379,0.183,0.606,0.000,0.000,0.257,0.111,0.000,0.191,0.000,0.178,0.081,0.074,0.234,0.475,0.188,0.073,0.152,0.899,0.000,0.000,0.095,0.618,0.000,0.132,0.345,0.082,0.222,0.073,0.144,0.189,0.096,0.693,0.189,0.613,0.000,0.450,0.000,0.235,0.000,0.176,0.000,0.000,0.322,0.400,0.000,0.000,0.000,0.741,0.078,0.000,0.000,0.115,0.104,0.307,0.284,0.259,0.087,0.215,0.409,0.076,0.166,0.088,0.655
0.000,0.111,0.531,0.000,0.361,0.291,0.106,0.187,0.260,0.573,0.108,0.286,0.161,0.042,0.358,0.218,0.164,0.181,0.098,0.082,0.325,0.224,0.000,0.353,0.174,0.317,0.086,0.205,0.180,0.574,0.146,0.092,0.466,0.154,0.305,0.334,0.181,0.000,0.000,0.209,0.168,0.966,0.000,0.307,0.186,0.218,0.345,0.172,0.000,0.000,0.417,0.465,0.000,0.000,0.000,0.524,0.064,0.000,0.000,0.110,0.167,0.243,0.173,0.328,0.000,0.000,0.339,0.174,0.209,0.094,0.421
0.000,0.155,0.150,0.074,0.300,0.000,0.226,0.108,0.332,0.341,0.000,0.311,0.109,0.288,0.293,0.221,0.175,0.462,0.000,0.341,0.636,0.329,0.223,0.391,0.156,0.311,0.155,0.069,0.083,0.389,0.073,0.000,0.385,0.301,0.000,0.069,0.618,0.000,0.153,0.593,0.207,0.266,0.090,0.084,0.000,0.356,0.253,0.084,0.203,0.000,0.376,0.454,0.107,0.069,0.000,0.330,0.000,0.072,0.089,0.314,0.191,0.204,0.211,0.345,0.000,0.192,0.350,0.217,0.000,0.355,0.340
0.066,0.076,0.173,0.068,0.193,0.168,0.103,0.294,0.305,0.420,0.134,0.126,0.143,0.102,0.420,0.161,0.066,0.330,0.063,0.000,0.220,0.312,0.084,0.255,0.000,0.298,0.174,0.183,0.000,0.352,0.067,0.056,0.281,0.074,0.000,0.158,0.132,0.112,0.347,0.871,0.089,0.278,0.000,0.127,0.000,0.254,0.186,0.408,0.000,0.000,0.277,0.456,0.000,0.000,0.000,0.260,0.070,0.000,0.000,0.127,0.157,0.208,0.179,0.415,0.145,0.084,0.078,0.063,0.059,0.204,0.590
0.279,0.362,0.077,0.000,0.513,0.081,0.309,0.086,0.209,0.286,0.068,0.000,0.230,0.089,0.068,0.273,0.078,0.302,0.000,0.175,0.537,0.436,0.407,0.410,0.288,0.357,0.194,0.193,0.000,0.526,0.000,0.135,0.277,0.139,0.000,0.375,0.354,0.220,0.158,0.239,0.000,0.183,0.299,0.233,0.144,0.492,0.099,0.304,0.304,0.092,0.667,0.245,0.077,0.081,0.247,0.358,0.111,0.201,0.093,0.238,0.075,0.985,0.143,0.239,0.000,0.278,0.127,0.122,0.000,0.370,0.681
0.376,0.078,0.116,0.140,0.358,0.000,0.349,0.077,0.360,0.177,0.122,0.272,0.328,0.092,0.248,0.163,0.077,0.419,0.073,0.000,0.222,0.240,0.093,0.347,0.234,0.209,0.144,0.401,0.082,0.419,0.492,0.134,0.445,0.172,0.070,0.144,0.128,0.061,0.397,0.239,0.383,0.170,0.000,0.175,0.000,0.285,0.080,0.266,0.094,0.368,0.383,0.229,0.000,0.077,0.000,0.385,0.079,0.137,0.076,0.112,0.188,0.492,0.530,0.247,0.281,0.225,0.361,0.306,0.181,0.075,0.642
0.077,0.073,0.330,0.155,0.410,0.000,0.220,0.000,0.229,0.441,0.125,0.268,0.315,0.128,0.434,0.378,0.240,0.275,0.073,0.068,0.168,0.364,0.283,0.526,0.216,0.320,0.102,0.320,0.091,0.382,0.148,0.241,0.352,0.064,0.083,0.259,0.170,0.138,0.115,0.304,0.488,0.327,0.157,0.218,0.096,0.536,0.000,0.220,0.192,0.119,0.492,0.495,0.000,0.000,0.079,0.221,0.000,0.064,0.000,0.520,0.689,0.584,0.589,0.082,0.084,0.073,0.377,0.199,0.173,0.308,0.501
0.372,0.090,0.204,0.000,0.220,0.000,0.479,0.000,0.193,0.167,0.000,0.154,0.188,0.174,0.331,0.096,0.068,0.417,0.177,0.000,0.078,0.176,0.104,0.302,0.125,0.501,0.312,0.364,0.000,0.169,0.216,0.177,0.175,0.077,0.106,0.268,0.302,0.185,0.140,0.265,0.534,0.351,0.000,0.056,0.090,0.526,0.102,0.082,0.000,0.000,0.464,0.294,0.178,0.000,0.000,0.232,0.087,0.085,0.000,0.350,0.515,0.745,0.339,0.141,0.000,0.229,0.138,0.163,0.151,0.386,0.833
0.089,0.083,0.446,0.071,0.260,0.087,0.356,0.000,0.342,0.062,0.282,0.145,0.394,0.068,0.270,0.107,0.000,0.282,0.000,0.155,0.239,0.293,0.246,0.156,0.310,0.169,0.156,0.081,0.000,0.065,0.147,0.187,0.248,0.176,0.000,0.174,0.116,0.000,0.246,0.000,0.442,0.315,0.104,0.165,0.000,0.134,0.000,0.100,0.000,0.102,0.456,0.000,0.087,0.000,0.000,0.252,0.144,0.059,0.000,0.384,0.413,0.897,0.446,0.233,0.090,0.175,0.105,0.074,0.174,0.190,0.415
0.072,0.143,0.170,0.141,0.332,0.091,0.328,0.000,0.254,0.142,0.101,0.267,0.069,0.075,0.343,0.151,0.000,0.329,0.000,1.122,0.079,0.247,0.264,0.332,0.118,0.096,0.265,0.091,0.153,0.085,0.156,0.078,0.292,0.000,0.000,0.222,0.302,0.118,0.345,0.159,0.267,0.297,0.000,0.238,0.000,0.000,0.000,0.247,0.000,0.000,0.340,0.000,0.073,0.000,0.000,0.177,0.245,0.000,0.094,0.363,0.486,0.587,0.361,0.324,0.295,0.000,0.081,0.173,0.000,0.220,0.527
0.000,0.388,0.172,0.308,0.170,0.000,0.400,0.000,0.203,0.245,0.057,0.422,0.058,0.150,0.406,0.132,0.094,0.302,0.000,0.426,0.072,0.324,0.078,0.238,0.360,0.092,0.074,0.265,0.086,0.070,0.127,0.051,0.253,0.259,0.077,0.157,0.310,0.065,0.343,0.153,0.442,0.274,0.000,0.215,0.000,0.060,0.000,0.170,0.000,0.000,0.207,0.000,0.000,0.287,0.000,0.326,0.369,0.071,0.000,0.459,0.394,0.442,0.429,0.181,0.105,0.075,0.400,0.183,0.092,0.255,0.475
0.000,0.263,0.314,0.000,0.104,0.323,0.401,0.204,0.247,0.208,0.073,0.139,0.066,0.152,0.159,0.189,0.085,0.404,0.094,0.469,0.191,0.276,0.139,0.194,0.181,0.115,0.090,0.084,0.092,0.000,0.262,0.122,0.287,0.088,0.167,0.167,0.183,0.240,0.277,0.460,0.239,0.294,0.000,0.110,0.000,0.208,0.000,0.157,0.088,0.099,0.396,0.063,0.000,0.091,0.000,0.208,0.271,0.079,0.000,0.406,0.319,0.632,0.515,0.552,0.307,0.000,0.265,0.215,0.000,0.237,0.704
0.000,0.187,0.279,0.131,0.209,0.000,0.272,0.223,0.372,0.360,0.000,0.135,0.118,0.145,0.130,0.294,0.153,0.221,0.081,0.074,0.138,0.171,0.000,0.125,0.308,0.073,0.177,0.087,0.078,0.507,0.138,0.048,0.304,0.094,0.085,0.206,0.241,0.054,0.239,0.352,0.274,0.214,0.000,0.096,0.000,0.054,0.000,0.224,0.104,0.092,0.087,0.132,0.000,0.181,0.099,0.383,0.044,0.081,0.224,0.444,0.000,0.388,0.311,0.321,0.092,0.078,0.267,0.083,0.058,0.300,0.318
0.000,0.192,0.443,0.080,0.085,0.000,0.072,0.231,0.288,0.278,0.000,0.413,0.128,0.104,0.000,0.114,0.162,0.226,0.164,0.082,0.262,0.257,0.000,0.095,0.364,0.088,0.113,0.102,0.076,0.055,0.243,0.274,0.067,0.150,0.056,0.123,0.104,0.111,0.393,0.139,0.165,0.189,0.000,0.061,0.086,0.153,0.106,0.359,0.000,0.485,0.121,0.142,0.073,0.411,0.097,0.176,0.164,0.078,0.000,0.442,0.279,0.360,0.527,0.404,0.093,0.000,0.172,0.058,0.000,0.175,0.121
0.000,0.166,0.339,0.102,0.241,0.122,0.252,0.000,0.104,0.232,0.062,0.265,0.352,0.046,0.184,0.114,0.140,0.260,0.119,0.341,0.172,0.112,0.302,0.166,0.443,0.337,0.618,0.082,0.076,0.137,0.054,0.056,0.095,0.084,0.063,0.209,0.167,0.064,0.310,0.678,0.099,0.264,0.000,0.053,0.069,0.208,0.000,0.364,0.075,0.180,0.262,0.155,0.000,0.200,0.000,0.134,0.193,0.074,0.000,1.009,0.187,0.168,0.592,0.455,0.250,0.142,0.189,0.082,0.000,0.253,0.305
0.074,0.081,0.307,0.079,0.413,0.000,0.321,0.100,0.171,0.271,0.151,0.141,0.154,0.229,0.331,0.105,0.000,0.372,0.085,0.686,0.070,0.225,0.532,0.344,0.244,0.320,0.443,0.114,0.198,0.205,0.212,0.164,0.351,0.279,0.000,0.528,0.506,0.109,0.091,0.528,0.172,0.181,0.091,0.218,0.096,0.473,0.113,0.401,0.363,0.084,0.674,0.202,0.086,0.129,0.000,0.301,0.347,0.132,0.078,0.470,0.280,0.450,0.407,0.402,0.459,0.203,0.068,0.245,0.113,0.152,0.330
0.137,0.066,0.366,0.086,0.160,0.000,0.000,0.000,0.203,0.324,0.064,0.292,0.132,0.081,0.126,0.183,0.084,0.337,0.089,0.325,0.067,0.196,0.328,0.140,0.104,0.364,0.410,0.137,0.000,0.089,0.073,0.205,0.082,0.375,0.069,0.325,0.135,0.127,0.000,0.530,0.080,0.099,0.000,0.196,0.000,0.485,0.000,0.288,0.099,0.285,0.342,0.061,0.000,0.081,0.000,0.164,0.367,0.000,0.000,0.426,0.000,0.189,0.273,0.369,0.123,0.212,0.168,0.184,0.000,0.128,0.551
0.320,0.087,0.282,0.078,0.084,0.000,0.000,0.103,0.083,0.371,0.311,0.526,0.327,0.047,0.453,0.183,0.000,0.259,0.087,0.647,0.117,0.087,0.258,0.173,0.384,0.466,0.441,0.237,0.000,0.134,0.062,0.076,0.000,0.482,0.300,0.297,0.216,0.176,0.159,0.124,0.135,0.105,0.000,0.235,0.000,0.288,0.000,0.297,0.237,0.000,0.272,0.135,0.000,0.000,0.000,0.076,0.691,0.184,0.076,0.515,0.072,0.183,0.292,0.271,0.277,0.000,0.251,0.434,0.216,0.172,0.401
0.140,0.000,0.414,0.423,0.069,0.068,0.000,0.000,0.164,0.323,0.329,0.768,0.240,0.091,0.064,0.089,0.096,0.353,0.072,0.281,0.112,0.327,0.229,0.496,0.395,0.321,0.257,0.000,0.000,0.155,0.164,0.327,0.000,0.173,0.205,0.263,0.360,0.348,0.123,0.425,0.341,0.070,0.000,0.142,0.000,0.455,0.000,0.329,0.000,0.212,0.331,0.204,0.063,0.214,0.000,0.363,0.283,0.286,0.196,0.161,0.073,0.148,0.492,0.231,0.077,0.204,0.155,0.393,0.050,0.150,0.688
0.000,0.178,0.385,0.230,0.098,0.000,0.121,0.000,0.126,0.374,0.272,0.255,0.204,0.169,0.107,0.114,0.000,0.299,0.311,0.305,0.077,0.265,0.251,0.422,0.994,0.293,0.606,0.000,0.079,0.217,0.199,0.440,0.178,0.501,0.112,0.177,0.074,0.276,0.208,0.273,0.164,0.090,0.117,0.138,0.092,0.734,0.000,0.174,0.000,0.000,0.310,0.145,0.000,0.242,0.000,0.174,0.297,0.167,0.096,0.222,0.080,0.000,0.673,0.251,0.211,0.422,0.405,0.350,0.000,0.103,0.536
0.000,0.000,0.470,0.162,0.179,0.242,0.000,0.215,0.080,0.330,0.192,0.891,0.225,0.133,0.088,0.104,0.000,0.218,0.000,0.315,0.000,0.151,0.180,0.477,0.295,0.334,0.401,0.000,0.000,0.219,0.074,0.092,0.000,0.520,0.194,0.145,0.258,0.311,0.182,0.228,0.172,0.192,0.000,0.122,0.000,0.424,0.112,0.109,0.103,0.000,0.196,0.000,0.209,0.252,0.080,0.190,0.309,0.126,0.274,0.094,0.183,0.109,0.533,0.376,0.132,0.183,0.135,0.238,0.160,0.079,0.515
0.000,0.000,0.389,0.178,0.312,0.294,0.000,0.000,0.110,0.272,0.155,0.733,0.216,0.221,0.000,0.100,0.000,0.297,0.079,0.325,0.093,0.199,0.202,0.220,0.595,0.247,0.615,0.000,0.074,0.084,0.202,0.260,0.000,0.502,0.158,0.070,0.161,0.198,0.186,0.133,0.070,0.262,0.139,0.176,0.000,0.485,0.111,0.117,0.000,0.000,0.247,0.000,0.239,0.089,0.000,0.234,0.187,0.000,0.094,0.110,0.091,0.105,0.696,0.263,0.169,0.100,0.270,0.177,0.000,0.074,0.594
0.000,0.000,0.487,0.124,0.455,0.093,0.000,0.099,0.418,0.387,0.137,0.574,0.420,0.087,0.309,0.225,0.000,0.106,0.000,0.251,0.334,0.155,0.167,0.232,0.323,0.098,0.562,0.312,0.112,0.258,0.000,0.185,0.241,0.280,0.180,0.079,0.271,0.126,0.396,0.475,0.185,0.207,0.000,0.166,0.078,0.812,0.102,0.000,0.000,0.000,0.332,0.335,0.152,0.775,0.095,0.000,0.226,0.136,0.165,0.312,0.156,0.257,0.787,0.230,0.199,0.097,0.078,0.416,0.354,0.129,0.595
0.000,0.000,0.206,0.489,0.729,0.436,0.406,0.000,0.201,0.591,0.199,0.884,0.159,0.169,0.094,0.127,0.197,0.380,0.000,0.569,0.000,0.213,0.541,0.355,0.404,0.115,0.350,0.126,0.000,0.097,0.295,0.200,0.488,0.281,0.160,0.151,0.471,0.064,0.750,0.225,0.079,0.258,0.351,0.171,0.088,0.392,0.248,0.320,0.000,0.000,0.791,0.000,0.336,1.317,0.316,0.248,0.690,0.063,0.096,0.757,0.415,0.250,0.589,0.306,0.242,0.188,0.408,0.170,0.000,0.111,0.677
0.078,0.176,0.322,0.105,0.073,0.205,0.196,0.000,0.231,0.220,0.197,0.889,0.263,0.095,0.177,0.160,0.102,0.411,0.085,0.418,0.152,0.346,0.418,0.089,0.142,0.095,0.420,0.362,0.000,0.000,0.131,0.062,0.574,0.000,0.158,0.330,0.282,0.133,0.454,0.624,0.057,0.367,0.273,0.248,0.104,0.479,0.246,0.445,0.144,0.000,0.538,0.162,0.159,0.397,0.000,0.094,0.350,0.155,0.180,0.743,0.175,0.536,0.653,0.182,0.273,0.156,0.170,0.260,0.138,0.148,0.745
0.000,0.000,0.144,0.264,0.497,0.305,0.076,0.112,0.094,0.432,0.277,0.753,0.313,0.087,0.192,0.103,0.252,0.067,0.094,0.304,0.396,0.258,0.155,0.135,0.220,0.107,0.228,0.290,0.000,0.000,0.000,0.158,0.293,0.072,0.000,0.154,0.163,0.066,0.391,0.583,0.099,0.376,0.136,0.197,0.547,0.749,0.000,0.360,0.000,0.000,0.686,0.085,0.237,0.468,0.000,0.109,0.417,0.000,0.094,0.462,0.659,0.300,0.888,0.266,0.394,0.375,0.157,0.253,0.000,0.147,1.163
0.106,0.000,0.433,0.000,0.088,0.117,0.103,0.000,0.105,0.452,0.323,0.604,0.265,0.098,0.133,0.125,0.000,0.125,0.325,0.314,0.280,0.188,0.594,0.107,0.409,0.190,0.136,0.446,0.000,0.000,0.209,0.148,0.308,0.059,0.121,0.000,0.212,0.065,0.518,0.505,0.000,0.171,0.129,0.165,0.461,0.836,0.264,0.286,0.204,0.000,0.659,0.000,0.316,0.288,0.000,0.157,0.196,0.000,0.093,0.344,0.416,0.229,0.686,0.221,0.854,1.199,0.174,0.429,0.168,0.070,1.072
0.128,0.000,0.309,0.000,0.000,0.698,0.000,0.000,0.348,0.628,0.000,0.467,0.370,0.115,0.169,0.391,0.000,0.324,0.151,0.428,0.238,0.232,0.715,0.288,0.534,0.295,0.167,0.702,0.000,0.000,0.061,0.109,0.104,0.225,0.176,0.000,0.287,0.104,0.562,0.174,0.000,0.381,0.117,0.293,0.199,0.675,0.272,0.341,0.178,0.000,0.467,0.247,0.342,0.278,0.266,0.489,0.358,0.127,0.000,0.409,0.346,0.661,0.841,0.118,0.927,0.384,0.345,0.148,0.097,0.105,0.841
0.000,0.000,0.426,0.080,0.343,0.551,0.287,0.000,0.178,0.527,0.084,0.703,0.412,0.044,0.272,0.298,0.235,0.284,0.090,0.590,0.300,0.147,0.374,0.222,0.372,0.113,0.272,0.466,0.091,0.158,0.244,0.064,0.289,0.299,0.085,0.061,0.401,0.083,0.947,0.094,0.079,0.203,0.119,0.229,0.090,0.638,0.000,0.358,0.174,0.000,0.362,0.273,0.210,0.390,0.000,0.310,0.222,0.151,0.074,0.455,0.311,0.423,0.543,0.103,1.090,0.377,0.149,0.055,0.174,0.139,0.634
0.195,0.106,0.216,0.201,0.000,0.592,0.000,0.195,0.000,0.610,0.066,0.664,0.060,0.000,0.059,0.159,0.000,0.061,0.064,0.228,0.057,0.233,0.296,0.000,0.449,0.315,0.081,0.235,0.000,0.000,0.146,0.211,0.092,0.243,0.200,0.116,0.153,0.283,0.575,0.070,0.202,0.243,0.154,0.139,0.173,0.382,0.000,0.195,0.168,0.354,0.226,0.066,0.758,0.261,0.131,0.394,0.524,0.151,0.145,0.172,0.396,0.498,0.349,0.381,0.759,0.277,0.147,0.170,0.187,0.293,0.968
0.099,0.064,0.264,0.102,0.198,1.045,0.094,0.000,0.102,0.396,0.000,0.772,0.087,0.059,0.000,0.110,0.000,0.234,0.213,0.071,0.114,0.065,0.375,0.000,0.342,0.205,1.160,0.156,0.000,0.000,0.154,0.056,0.129,0.103,0.000,0.074,0.165,0.139,0.934,0.231,0.000,0.166,0.000,0.274,0.000,0.401,0.206,0.290,0.080,0.000,0.379,0.090,0.531,0.231,0.000,0.108,0.726,0.068,0.000,0.195,0.084,0.088,0.559,0.385,0.459,0.229,0.101,0.262,0.316,0.162,1.536
0.161,0.069,0.309,0.384,0.273,0.439,0.000,0.000,0.206,0.629,0.078,0.759,0.183,0.183,0.299,0.142,0.000,0.439,0.000,0.209,0.260,0.095,0.820,0.087,0.537,0.559,0.544,0.000,0.000,0.000,0.000,0.159,0.211,0.138,0.000,0.000,0.425,0.063,0.614,0.346,0.000,0.377,0.000,0.214,0.087,0.522,0.000,0.176,0.278,0.079,0.271,0.465,0.566,0.378,0.000,0.106,0.724,0.079,0.000,0.100,0.244,0.118,0.497,0.394,0.600,0.428,0.625,0.082,0.262,0.000,1.177
0.180,0.088,0.422,0.000,0.921,0.495,0.000,0.097,0.000,0.572,0.000,0.545,0.185,0.000,0.143,0.150,0.229,0.190,0.179,0.276,0.363,0.315,0.528,0.058,0.384,0.514,0.517,0.000,0.086,0.177,0.248,0.062,0.165,0.149,0.000,0.000,0.161,0.065,0.721,0.487,0.000,0.089,0.264,0.295,0.000,0.836,0.171,0.267,0.097,0.000,0.337,0.075,0.866,0.301,0.088,0.082,0.254,0.235,0.188,0.284,0.261,0.087,0.681,0.423,0.569,0.240,0.441,0.062,0.233,0.149,0.859
0.173,0.063,0.272,0.072,0.619,0.246,0.085,0.000,0.094,0.672,0.135,0.583,0.076,0.087,0.221,0.159,0.000,0.643,0.079,0.418,0.115,0.072,0.514,0.184,0.467,0.323,0.723,0.099,0.090,0.000,0.094,0.160,0.470,0.122,0.099,0.064,0.250,0.123,0.427,0.856,0.076,0.170,0.270,0.208,0.070,0.357,0.216,0.424,0.195,0.081,0.222,0.000,0.290,0.140,0.000,0.587,0.263,0.152,0.086,0.081,0.389,0.100,0.381,0.402,0.685,0.319,0.279,0.128,0.372,0.000,1.059
0.000,0.000,0.143,0.071,0.639,0.294,0.089,0.000,0.074,0.339,0.054,0.573,0.236,0.000,0.157,0.281,0.000,0.269,0.106,0.505,0.243,0.000,0.227,0.000,1.163,0.161,0.228,0.064,0.000,0.000,0.078,0.104,0.266,0.351,0.077,0.000,0.202,0.142,0.375,0.187,0.000,0.096,0.000,0.100,0.086,0.617,0.169,0.171,0.605,0.068,0.319,0.055,0.115,0.257,0.000,0.106,0.162,0.138,0.000,0.220,0.580,0.184,0.389,0.344,0.234,0.108,0.596,0.124,0.254,0.000,1.659
0.090,0.495,0.520,0.913,0.495,0.244,0.295,0.000,0.000,0.874,0.418,0.480,0.357,0.245,0.286,0.251,0.323,0.298,0.115,0.763,0.429,0.406,0.404,0.730,1.574,1.203,0.378,0.117,0.075,0.407,0.091,0.244,0.394,0.408,0.252,0.074,0.515,0.451,0.368,1.039,0.118,0.099,0.593,0.503,0.000,0.836,0.136,0.439,0.323,0.098,0.212,0.277,0.479,0.599,0.329,0.223,0.350,0.374,0.448,0.692,0.543,0.824,0.669,0.608,0.204,0.175,0.409,0.454,0.325,0.000,1.748
0.433,0.162,0.431,0.542,0.450,0.337,0.666,0.000,0.000,0.517,0.465,0.596,0.000,0.579,0.000,0.090,0.117,0.510,0.207,0.265,0.176,0.000,0.452,0.363,1.503,0.951,0.244,0.133,0.646,0.097,0.248,0.340,0.740,0.460,0.100,0.152,0.675,0.375,0.471,0.988,0.412,0.082,0.197,0.285,0.264,1.206,0.000,0.351,0.089,0.000,0.000,0.000,0.384,0.093,0.234,0.157,0.697,0.331,0.259,0.921,0.377,0.484,0.523,0.560,0.562,0.453,0.806,0.229,0.360,0.000,1.270
0.000,0.162,0.070,0.328,0.241,0.293,0.331,0.120,0.000,0.231,0.073,0.862,0.243,0.101,0.499,0.468,0.000,0.095,0.000,0.232,0.096,0.000,0.236,0.162,1.364,0.527,0.436,0.270,0.091,0.120,0.234,0.230,0.535,0.074,0.107,0.156,0.425,0.133,0.506,0.449,0.000,0.110,0.000,0.060,0.000,0.149,0.136,0.717,0.320,0.176,0.000,0.000,0.195,0.126,0.222,0.108,0.467,0.069,0.183,0.740,0.305,0.540,0.492,0.548,0.186,0.394,0.283,0.353,0.236,0.000,1.250
0.067,0.218,0.127,0.093,0.296,0.315,0.236,0.000,0.000,0.301,0.067,0.867,0.228,0.000,0.298,0.289,0.090,0.279,0.071,0.080,0.000,0.068,0.785,0.198,0.902,0.296,0.236,0.096,0.000,0.076,0.141,0.000,0.493,0.247,0.306,0.132,0.281,0.000,0.423,0.737,0.083,0.170,0.094,0.119,0.000,0.597,0.079,0.400,0.249,0.000,0.236,0.000,0.000,0.079,0.076,0.252,0.318,0.064,0.250,0.558,0.104,0.210,0.653,0.280,0.274,0.232,0.083,0.136,0.198,0.000,1.407
0.202,0.213,0.235,0.226,0.366,0.444,0.078,0.000,0.000,0.362,0.199,0.840,0.338,0.000,0.485,0.294,0.000,0.156,0.171,0.157,0.000,0.000,0.108,0.115,0.938,0.383,0.127,0.309,0.000,0.000,0.207,0.000,0.560,0.175,0.093,0.000,0.241,0.000,0.781,0.845,0.083,0.284,0.178,0.172,0.198,0.267,0.000,0.326,0.084,0.069,0.280,0.144,0.156,0.000,0.077,0.449,0.333,0.059,0.348,0.461,0.449,0.273,0.900,0.159,0.000,0.094,0.543,0.496,0.252,0.081,0.557
0.119,0.305,0.080,0.213,0.434,0.618,0.110,0.195,0.156,0.779,0.320,0.498,0.268,0.040,0.450,0.396,0.174,0.206,0.321,0.416,0.080,0.072,0.374,0.317,0.878,0.552,0.248,0.208,0.164,0.171,0.207,0.425,0.340,0.323,0.254,0.265,0.460,0.310,0.621,0.715,0.280,0.287,0.308,0.490,0.088,0.386,0.247,0.568,0.172,0.214,0.520,0.162,0.141,0.918,0.182,0.257,0.152,0.137,0.159,0.311,0.242,0.442,0.678,0.510,0.432,0.559,0.502,0.299,0.401,0.165,0.964
0.562,0.375,0.356,0.597,0.391,0.452,0.254,0.095,0.478,0.852,0.198,0.558,0.537,0.153,0.585,0.644,0.135,0.468,0.438,0.452,0.439,0.291,0.256,0.336,0.484,1.184,0.261,0.645,0.000,0.000,0.069,0.462,0.606,0.719,0.446,0.354,0.431,0.073,0.561,1.682,0.202,0.442,0.598,0.584,0.000,0.626,0.773,0.445,0.411,0.000,0.531,0.396,0.091,0.428,0.372,0.000,0.308,0.366,0.000,0.178,0.191,0.494,0.456,0.456,0.929,1.017,0.574,0.532,0.413,0.000,1.223
0.199,0.121,0.532,0.404,0.395,0.292,0.104,0.000,0.090,0.930,0.435,0.419,0.472,0.090,0.381,0.576,0.000,0.385,0.082,0.071,0.558,0.000,0.362,0.490,0.574,0.348,0.400,0.363,0.000,0.000,0.067,0.447,0.530,0.200,0.091,0.111,0.344,0.116,0.427,0.580,0.233,0.151,0.166,0.558,0.088,0.414,0.281,0.406,0.157,0.085,0.680,0.352,0.000,0.563,0.265,0.057,0.476,0.155,0.000,0.135,0.175,0.225,0.689,0.162,0.080,0.268,0.508,0.464,0.187,0.000,1.026
0.318,0.486,0.071,0.319,0.362,0.250,0.229,0.000,0.108,0.859,0.520,0.555,0.278,0.065,0.000,0.203,0.144,0.181,0.083,0.082,0.185,0.000,0.348,0.231,0.519,0.428,0.475,0.317,0.000,0.176,0.000,0.053,0.873,0.533,0.191,0.145,0.483,0.000,0.575,0.862,0.081,0.090,0.410,0.280,0.211,0.207,0.246,0.441,0.254,0.000,0.210,0.085,0.093,0.672,0.186,0.198,0.366,0.256,0.187,0.297,0.271,0.173,0.320,0.198,0.122,0.157,0.314,0.428,0.337,0.000,1.041
0.286,0.178,0.053,0.186,0.194,0.279,0.090,0.000,0.114,0.597,0.316,0.559,0.000,0.000,0.289,0.444,0.084,0.064,0.000,0.175,0.149,0.072,0.184,0.522,0.643,0.203,0.514,0.265,0.000,0.000,0.080,0.097,0.255,0.427,0.172,0.233,0.324,0.058,0.611,0.897,0.000,0.101,0.292,0.661,0.000,0.495,0.362,0.238,0.252,0.076,0.394,0.073,0.089,0.407,0.183,0.069,0.377,0.202,0.000,0.132,0.356,0.394,0.600,0.387,0.368,0.412,0.489,0.245,0.149,0.000,1.090
0.099,0.231,0.191,0.492,0.074,0.531,0.080,0.087,0.265,0.363,0.252,0.293,0.240,0.144,0.156,0.631,0.138,0.000,0.213,0.105,0.220,0.226,0.242,0.620,0.459,0.325,0.286,0.428,0.000,0.000,0.090,0.115,0.446,0.244,0.193,0.134,0.733,0.000,0.427,0.591,0.000,0.187,0.293,0.361,0.000,0.601,0.205,0.308,0.218,0.074,0.181,0.076,0.183,0.175,0.121,0.000,0.170,0.183,0.000,0.098,0.285,0.000,0.421,0.096,0.084,0.303,0.093,0.150,0.077,0.000,1.310
0.165,0.255,0.290,0.404,0.080,0.306,0.000,0.000,0.351,0.786,0.204,0.322,0.246,0.000,0.401,0.700,0.154,0.064,0.234,0.083,0.100,0.066,0.164,0.170,0.448,0.342,0.096,0.443,0.000,0.164,0.000,0.154,0.351,0.226,0.097,0.146,0.276,0.000,0.363,0.467,0.000,0.080,0.095,0.517,0.000,0.377,0.383,0.321,0.327,0.000,0.368,0.396,0.169,0.262,0.179,0.000,0.137,0.070,0.000,0.086,0.363,0.000,0.528,0.098,0.000,0.156,0.074,0.104,0.424,0.000,1.127
0.159,0.111,0.199,0.514,0.200,0.425,0.260,0.084,0.278,0.565,0.129,0.163,0.153,0.128,0.247,0.363,0.221,0.115,0.154,0.219,0.185,0.388,0.269,0.057,0.320,0.253,0.224,0.240,0.000,0.085,0.000,0.102,0.448,0.225,0.000,0.143,0.275,0.000,0.382,0.539,0.000,0.163,0.123,0.434,0.000,0.450,0.298,0.348,0.225,0.184,0.305,0.260,0.088,0.275,0.042,0.230,0.219,0.329,0.088,0.088,0.285,0.267,0.585,0.175,0.373,0.166,0.195,0.113,0.262,0.070,0.794
0.104,0.289,0.125,0.771,0.173,0.416,0.000,0.000,0.091,0.647,0.069,0.247,0.000,0.205,0.106,0.238,0.077,0.110,0.077,0.324,0.234,0.068,0.271,0.058,1.028,0.222,0.428,0.237,0.000,0.000,0.000,0.151,0.343,0.462,0.089,0.069,0.250,0.121,0.416,0.768,0.062,0.159,0.113,0.433,0.101,0.414,0.082,0.278,0.154,0.244,0.303,0.171,0.096,0.154,0.103,0.323,0.528,0.116,0.000,0.000,0.399,0.000,0.257,0.000,0.000,0.185,0.486,0.102,0.395,0.000,1.117
0.225,0.078,0.262,0.331,0.161,0.373,0.000,0.000,0.087,0.387,0.070,0.456,0.000,0.102,0.169,0.270,0.000,0.172,0.089,0.098,0.372,0.209,0.261,0.113,0.467,0.344,0.105,0.107,0.000,0.000,0.000,0.104,0.384,0.272,0.000,0.082,0.318,0.073,0.405,1.024,0.084,0.439,0.113,0.586,0.091,0.369,0.345,0.440,0.207,0.165,0.101,0.153,0.085,0.163,0.000,0.000,0.260,0.236,0.081,0.000,0.169,0.114,0.383,0.000,0.000,0.212,0.330,0.054,0.138,0.000,1.382
0.216,0.069,0.336,0.271,0.150,0.279,0.069,0.107,0.307,0.439,0.162,0.184,0.154,0.099,0.259,0.477,0.000,0.333,0.162,0.115,0.263,0.088,0.233,0.151,0.601,0.525,0.179,0.510,0.104,0.000,0.072,0.227,0.380,0.242,0.070,0.093,0.290,0.187,0.381,2.102,0.000,0.089,0.122,0.847,0.094,0.466,0.093,0.171,0.178,0.082,0.100,0.207,0.210,0.165,0.099,0.084,0.258,0.248,0.000,0.000,0.333,0.104,0.275,0.097,0.359,0.093,0.233,0.134,0.135,0.000,1.238
0.216,0.071,0.404,0.191,0.081,0.269,0.000,0.230,0.261,0.849,0.200,0.099,0.330,0.047,0.462,0.845,0.000,0.216,0.173,0.120,0.545,0.000,0.696,0.072,0.658,0.440,0.066,0.869,0.000,0.000,0.093,0.149,0.359,1.189,0.000,0.076,0.250,0.069,0.418,1.838,0.000,0.523,0.109,0.961,0.084,0.505,0.191,0.310,0.103,0.274,0.487,0.422,0.091,0.411,0.086,0.000,0.351,0.250,0.243,0.000,0.413,0.095,0.272,0.089,0.098,0.103,0.702,0.109,0.194,0.180,1.603
0.243,0.332,0.133,0.175,0.268,0.299,0.081,0.219,0.172,0.786,0.153,0.092,0.147,0.227,0.160,0.263,0.077,0.929,0.203,0.112,0.200,0.093,0.604,0.188,0.466,0.421,0.166,0.285,0.000,0.080,0.146,0.130,0.424,0.529,0.086,0.206,0.441,0.140,0.425,0.908,0.085,0.300,0.125,0.639,0.270,0.569,0.181,0.289,0.436,0.000,0.094,0.086,0.431,0.227,0.276,0.604,0.319,0.466,0.156,0.158,0.382,0.222,0.264,0.105,0.000,0.000,0.237,0.157,0.092,0.133,1.821
0.152,0.100,0.286,0.330,0.252,0.110,0.167,0.000,0.247,0.972,0.135,0.441,0.230,0.113,0.486,0.458,0.153,0.360,0.511,0.107,0.461,0.154,0.544,0.192,0.563,0.297,0.299,0.529,0.000,0.159,0.000,0.075,0.406,0.653,0.000,0.076,0.315,0.070,0.365,0.812,0.232,0.620,0.097,0.986,0.102,0.341,0.531,0.320,0.082,0.097,0.457,0.587,0.099,0.261,0.247,0.447,0.367,0.133,0.000,0.145,0.395,0.104,0.381,0.000,0.000,0.128,0.078,0.051,0.360,0.000,1.476
0.066,0.144,0.228,0.147,0.149,0.086,0.084,0.000,0.101,0.683,0.135,0.000,0.207,0.041,0.363,0.425,0.163,0.242,0.172,0.119,0.377,0.084,0.426,0.000,0.750,0.389,0.157,0.155,0.000,0.000,0.000,0.119,0.373,0.807,0.000,0.060,0.392,0.000,0.427,0.372,0.000,0.620,0.107,0.544,0.082,0.347,0.398,0.277,0.191,0.000,0.419,0.707,0.339,0.082,0.347,0.231,0.121,0.162,0.000,0.188,0.182,0.441,0.321,0.000,0.000,0.096,0.000,0.129,0.262,0.000,1.143
0.078,0.278,0.126,0.155,0.000,0.000,0.000,0.000,0.076,0.553,0.146,0.000,0.072,0.046,0.262,0.325,0.000,0.353,0.087,0.000,0.149,0.141,0.330,0.119,0.474,0.185,0.237,0.187,0.000,0.000,0.000,0.058,0.220,0.622,0.085,0.117,0.397,0.000,0.369,0.503,0.000,0.702,0.080,0.411,0.076,0.268,0.076,0.132,0.000,0.000,0.077,0.347,0.067,0.152,0.090,0.205,0.234,0.065,0.166,0.000,0.221,0.394,0.179,0.000,0.187,0.095,0.000,0.000,0.341,0.000,0.608
0.079,0.142,0.000,0.000,0.098,0.000,0.000,0.000,0.169,0.591,0.195,0.000,0.000,0.077,0.128,0.248,0.000,0.208,0.000,0.241,0.471,0.163,0.125,0.000,0.396,0.291,0.085,0.256,0.000,0.000,0.106,0.000,0.292,0.291,0.000,0.171,0.538,0.000,0.276,1.191,0.088,0.566,0.094,0.497,0.107,0.145,0.096,0.164,0.000,0.108,0.088,0.173,0.294,0.104,0.234,0.159,0.342,0.059,0.000,0.000,0.291,0.282,0.243,0.091,0.000,0.000,0.076,0.044,0.569,0.064,0.808
0.198,0.474,0.135,0.000,0.000,0.000,0.000,0.000,0.282,0.954,0.225,0.000,0.000,0.209,0.000,0.492,0.066,0.198,0.000,0.080,0.080,0.084,0.246,0.063,0.415,0.354,0.101,0.202,0.000,0.064,0.000,0.065,0.215,0.349,0.000,0.065,0.358,0.131,0.280,0.567,0.084,0.560,0.117,0.735,0.091,0.375,0.094,0.182,0.000,0.098,0.101,0.103,0.093,0.134,0.113,0.138,0.325,0.159,0.000,0.087,0.271,0.322,0.702,0.000,0.091,0.108,0.235,0.114,0.484,0.109,1.227
0.211,0.126,0.287,0.078,0.246,0.083,0.086,0.000,0.511,0.877,0.143,0.172,0.228,0.361,0.283,0.346,0.283,0.253,0.191,0.169,0.229,0.078,0.412,0.128,0.435,0.224,0.441,0.502,0.000,0.083,0.000,0.060,0.226,0.409,0.000,0.000,0.295,0.072,0.299,0.284,0.133,0.543,0.108,0.677,0.000,0.181,0.235,0.185,0.000,0.223,0.238,0.277,0.199,0.241,0.061,0.215,0.433,0.224,0.000,0.167,0.258,0.530,0.783,0.000,0.224,0.000,0.087,0.211,0.586,0.000,0.889
0.154,0.249,0.600,0.079,0.152,0.000,0.223,0.000,0.651,1.341,0.287,0.173,0.400,0.040,0.621,0.582,0.084,0.468,0.471,0.363,0.622,0.094,0.555,0.079,0.388,0.158,0.138,0.662,0.000,0.078,0.000,0.062,0.304,0.124,0.482,0.133,0.291,0.121,0.371,0.365,0.118,0.776,0.000,0.986,0.194,0.129,0.726,0.234,0.087,0.000,0.433,0.384,0.238,0.154,0.208,0.165,0.435,0.207,0.093,0.201,0.173,0.487,0.405,0.084,0.151,0.145,0.156,0.122,0.199,0.000,0.952
0.329,0.203,0.327,0.224,0.522,0.275,0.000,0.000,0.303,1.242,0.349,0.315,0.084,0.242,0.553,0.382,0.218,0.412,0.098,0.310,0.090,0.250,0.163,0.178,0.345,0.236,0.126,0.204,0.083,0.000,0.207,0.221,0.217,0.207,0.109,0.213,0.360,0.262,0.288,0.652,0.151,0.628,0.000,0.479,0.075,0.628,0.274,0.083,0.000,0.073,0.107,0.381,0.263,0.085,0.100,0.000,0.246,0.241,0.082,0.158,0.260,0.501,0.539,0.080,0.265,0.000,0.234,0.338,0.197,0.187,1.142
0.114,0.393,0.444,0.218,0.085,0.084,0.080,0.000,0.498,1.922,0.218,0.251,0.325,0.134,0.340,0.000,0.067,0.238,0.090,0.415,0.258,0.136,0.138,0.124,0.700,0.185,0.150,0.308,0.085,0.067,0.070,0.060,0.278,0.420,0.316,0.285,0.267,0.202,0.249,0.692,0.074,0.598,0.000,0.501,0.000,0.211,0.288,0.154,0.092,0.000,0.104,0.286,0.076,0.141,0.083,0.121,0.295,0.174,0.090,0.266,0.183,0.185,0.100,0.000,0.142,0.000,0.000,0.308,0.642,0.000,0.811
0.165,0.170,0.120,0.183,0.179,0.000,0.090,0.000,0.411,1.057,0.384,0.527,0.071,0.098,0.142,0.077,0.000,0.232,0.426,0.214,0.224,0.140,0.280,0.067,0.885,0.316,0.156,0.257,0.000,0.000,0.000,0.000,0.273,0.066,0.000,0.355,0.298,0.193,0.282,0.439,0.188,0.579,0.000,0.435,0.000,0.295,0.132,0.171,0.090,0.081,0.143,0.184,0.092,0.074,0.109,0.000,0.169,0.122,0.000,0.107,0.090,0.164,0.075,0.091,0.107,0.094,0.412,0.222,0.460,0.000,1.194
0.287,0.146,0.168,0.172,0.000,0.000,0.089,0.105,0.269,0.198,0.351,0.616,0.186,0.235,0.218,0.309,0.080,0.165,0.373,0.473,0.081,0.104,0.000,0.066,0.898,0.148,0.325,0.172,0.000,0.078,0.000,0.000,0.193,0.091,0.190,0.149,0.154,0.064,0.325,0.166,0.180,0.738,0.000,0.503,0.000,0.225,0.114,0.099,0.091,0.101,0.000,0.000,0.087,0.132,0.234,0.000,0.326,0.059,0.000,0.242,0.231,1.020,0.097,0.000,0.120,0.000,0.162,0.138,0.294,0.089,0.804
0.290,0.231,0.741,0.238,0.066,0.000,0.202,0.111,0.819,1.010,0.282,0.756,0.568,0.120,0.653,0.592,0.000,0.332,0.797,0.563,0.585,0.115,0.301,0.059,0.824,0.075,0.076,0.830,0.000,0.000,0.000,0.122,0.265,0.230,0.000,0.259,0.168,0.064,0.331,0.299,0.168,1.105,0.235,1.058,0.082,0.235,0.719,0.293,0.081,0.000,0.768,0.661,0.069,0.083,0.170,0.000,0.239,0.217,0.000,0.150,0.079,0.490,0.159,0.000,0.000,0.098,0.676,0.251,0.846,0.000,0.969
0.375,0.218,0.303,0.091,0.328,0.207,0.728,0.000,0.512,0.781,0.547,0.735,0.105,0.489,0.302,0.000,0.214,0.354,0.329,0.433,0.000,0.090,0.197,0.329,1.249,0.105,0.263,0.287,0.000,0.209,0.449,0.201,0.748,0.190,0.000,0.223,0.541,0.215,0.553,0.251,0.086,0.633,0.080,0.582,0.082,0.515,0.242,0.559,0.313,0.211,0.000,0.233,0.275,0.353,0.168,0.474,0.400,0.153,0.000,0.480,0.095,0.470,0.185,0.000,0.000,0.461,0.475,0.229,0.187,0.000,1.096
0.297,0.469,0.600,0.202,0.460,0.152,0.475,0.110,0.393,0.581,0.342,0.549,0.140,0.170,0.232,0.000,0.526,0.781,0.222,0.396,0.096,0.111,0.605,0.361,1.343,0.513,0.386,0.100,0.000,0.310,0.166,0.169,0.690,0.517,0.346,0.303,0.377,0.127,0.350,0.434,0.081,0.623,0.000,0.669,0.085,0.424,0.424,0.669,0.000,0.000,0.087,0.349,0.245,0.332,0.162,0.230,0.620,0.397,0.000,0.395,0.164,0.471,0.179,0.184,0.347,0.180,0.931,0.913,0.312,0.094,1.051
0.237,0.217,0.199,0.148,0.192,0.000,0.099,0.000,0.537,0.409,0.340,0.853,0.100,0.153,0.089,0.000,0.311,0.695,0.191,0.943,0.098,0.142,0.392,0.320,1.125,0.351,0.280,0.319,0.000,0.094,0.234,0.187,0.746,0.256,0.000,0.135,0.266,0.200,0.236,0.077,0.231,0.353,0.000,0.639,0.159,0.281,0.248,0.269,0.158,0.000,0.121,0.303,0.148,0.271,0.157,0.242,0.294,0.253,0.088,0.105,0.074,0.549,0.458,0.000,0.000,0.109,0.809,0.481,0.632,0.000,1.091
0.000,0.074,0.166,0.219,0.375,0.000,0.504,0.098,0.369,0.251,0.393,1.105,0.000,0.100,0.223,0.000,0.431,0.730,0.362,1.042,0.106,0.000,0.077,0.287,1.248,0.392,0.482,0.676,0.000,0.302,0.293,0.000,0.814,0.151,0.095,0.144,0.225,0.197,0.308,0.215,0.231,0.639,0.106,0.517,0.000,0.185,0.407,0.477,0.000,0.000,0.104,0.176,0.102,0.152,0.000,0.440,0.253,0.071,0.000,0.160,0.173,0.600,0.634,0.000,0.000,0.000,0.656,0.219,0.185,0.000,0.764
0.585,0.141,0.798,0.420,0.393,0.564,0.294,0.103,0.640,1.066,0.894,0.804,0.000,0.319,0.079,0.088,0.245,1.191,0.302,1.603,0.178,0.061,0.625,0.546,1.676,0.304,0.268,0.916,0.000,0.136,0.542,0.627,0.840,0.580,0.096,0.067,0.696,0.535,0.354,0.421,0.087,0.639,0.183,0.843,0.000,0.805,0.964,0.332,0.000,0.000,0.000,0.889,0.160,0.257,0.000,0.139,0.440,0.555,0.000,0.196,0.203,0.365,0.436,0.000,0.000,0.114,0.692,0.593,0.262,0.000,1.042
0.239,0.074,0.393,0.396,0.110,0.267,0.144,0.000,0.536,0.396,0.565,0.232,0.000,0.476,0.134,0.201,0.214,0.741,0.378,1.254,0.000,0.081,0.411,0.467,0.680,0.099,0.358,0.802,0.064,0.140,0.244,0.249,1.004,0.268,0.177,0.380,0.423,0.274,0.356,0.301,0.000,0.604,0.000,0.669,0.000,0.437,0.691,0.323,0.000,0.000,0.242,0.347,0.113,0.073,0.000,0.470,0.328,0.316,0.091,0.252,0.163,0.184,0.379,0.000,0.000,0.100,0.497,0.462,0.159,0.000,0.814
0.000,0.068,0.075,0.284,0.717,0.000,0.469,0.000,0.857,0.485,0.222,0.642,0.273,0.227,0.452,0.294,0.147,0.523,0.650,1.518,0.276,0.000,0.184,0.076,1.007,0.097,0.280,0.653,0.101,0.186,0.220,0.056,0.455,0.124,0.000,0.204,0.273,0.061,0.198,0.342,0.092,0.356,0.000,0.760,0.090,0.183,0.611,0.635,0.078,0.207,0.694,0.341,0.163,0.296,0.000,0.159,0.185,0.000,0.000,0.176,0.309,0.159,0.241,0.097,0.000,0.405,0.911,0.066,0.568,0.097,0.432
0.000,0.063,0.156,0.114,0.330,0.000,0.418,0.000,0.624,0.225,0.305,0.967,0.090,0.386,0.000,0.000,0.079,0.522,0.470,0.907,0.318,0.000,0.445,0.185,0.794,0.292,0.258,0.199,0.000,0.307,0.324,0.240,0.863,0.138,0.000,0.249,0.455,0.000,0.180,0.204,0.000,0.240,0.000,0.934,0.000,0.132,0.422,0.366,0.000,0.000,0.171,0.733,0.086,0.210,0.000,0.361,0.066,0.000,0.000,0.181,0.170,0.363,0.109,0.000,0.000,0.086,0.239,0.415,0.203,0.000,0.664
0.141,0.080,0.467,0.319,0.428,0.000,0.378,0.000,0.732,0.334,0.271,0.932,0.163,0.192,0.086,0.154,0.203,0.429,0.805,0.900,0.187,0.000,0.365,0.135,1.157,0.224,0.333,0.408,0.000,0.173,0.271,0.074,1.194,0.076,0.124,0.367,0.275,0.136,0.215,0.000,0.237,0.122,0.000,0.472,0.000,0.212,0.280,0.249,0.000,0.104,0.302,0.492,0.114,0.261,0.194,0.517,0.307,0.000,0.000,0.108,0.211,0.172,0.105,0.000,0.121,0.550,0.000,0.425,0.259,0.000,1.085
0.000,0.126,0.558,0.419,0.000,0.000,0.093,0.000,0.890,0.199,0.413,0.338,0.204,0.289,0.325,0.287,0.314,0.584,0.469,1.094,0.385,0.000,0.217,0.124,1.853,0.089,0.073,0.260,0.000,0.140,0.161,0.068,0.904,0.204,0.089,0.231,0.195,0.069,0.217,0.378,0.257,0.000,0.000,0.900,0.000,0.300,0.567,0.000,0.000,0.000,0.679,0.704,0.257,0.352,0.000,0.700,0.401,0.056,0.000,0.150,0.102,0.266,0.135,0.000,0.242,0.128,0.000,0.565,0.371,0.000,0.952
0.000,0.066,0.311,0.000,0.248,0.119,0.450,0.000,1.146,0.575,0.137,0.455,0.526,0.423,0.156,0.294,0.233,0.272,0.924,0.742,0.439,0.000,0.348,0.073,1.354,0.105,0.183,0.124,0.147,0.234,0.132,0.155,1.133,0.057,0.190,0.363,0.425,0.000,0.195,0.530,0.000,0.286,0.000,0.407,0.000,0.371,0.335,0.102,0.099,0.000,0.308,0.409,0.061,0.425,0.000,1.175,0.129,0.000,0.000,0.000,0.000,0.218,0.280,0.000,0.458,0.491,0.073,0.642,0.000,0.000,0.688
0.354,0.060,0.599,0.000,0.414,0.000,0.340,0.000,1.180,0.576,0.708,0.495,1.070,0.335,0.086,0.101,0.214,0.620,0.534,0.657,0.347,0.000,0.606,0.465,1.757,0.080,0.370,0.117,0.186,0.080,0.335,0.265,1.433,0.335,0.000,0.277,0.865,0.210,0.174,0.396,0.000,0.232,0.129,0.544,0.000,0.468,0.181,0.398,0.000,0.000,0.268,0.359,0.139,0.355,0.000,0.536,0.454,0.208,0.000,0.000,0.000,0.269,0.384,0.000,0.000,0.137,0.000,0.787,0.000,0.000,1.148
0.072,0.117,0.268,0.227,0.892,0.000,0.509,0.000,1.146,0.407,0.477,0.281,0.778,0.256,0.000,0.115,0.118,0.675,0.332,0.479,0.558,0.000,0.522,0.374,1.559,0.080,0.337,0.000,0.244,0.087,0.144,0.067,0.950,0.207,0.116,0.247,0.561,0.123,0.227,0.104,0.138,0.232,0.000,0.732,0.080,0.342,0.547,0.437,0.000,0.091,0.000,0.447,0.315,0.182,0.000,0.727,0.241,0.057,0.161,0.098,0.094,0.104,0.170,0.084,0.207,0.305,0.090,0.601,0.000,0.104,0.522
0.403,0.368,1.065,0.000,0.446,0.000,0.373,0.000,1.419,0.374,0.330,0.556,0.749,0.304,0.158,0.000,0.000,0.296,0.627,0.534,0.161,0.000,0.613,0.294,1.452,0.081,0.273,0.115,0.064,0.000,0.215,0.189,1.098,0.242,0.410,0.258,0.381,0.217,0.197,0.097,0.272,0.312,0.000,0.588,0.069,0.296,0.199,0.239,0.268,0.093,0.137,0.583,0.129,0.165,0.228,0.560,0.063,0.215,0.077,0.000,0.145,0.099,0.138,0.071,0.185,0.000,0.177,0.553,0.000,0.000,0.967
0.193,0.059,0.515,0.386,0.353,0.000,0.616,0.000,1.364,0.594,0.843,0.688,0.550,0.565,0.155,0.167,0.104,0.612,0.287,0.125,0.541,0.000,0.454,0.539,1.284,0.296,0.378,0.219,0.114,0.083,0.199,0.400,1.058,0.487,0.253,0.146,0.546,0.429,0.103,0.338,0.087,0.192,0.000,0.811,0.000,1.071,0.412,0.525,0.000,0.170,0.000,0.498,0.155,0.349,0.082,0.445,0.326,0.281,0.096,0.188,0.083,0.321,0.411,0.000,0.000,0.000,0.000,0.747,0.196,0.000,0.536
0.154,0.385,0.451,0.088,0.378,0.089,0.346,0.055,1.435,0.370,0.350,0.296,0.448,0.212,0.293,0.312,0.233,0.341,0.233,0.173,0.723,0.119,0.319,0.320,0.383,0.197,0.211,0.307,0.116,0.205,0.111,0.129,0.353,0.457,0.521,0.168,0.204,0.056,0.131,0.325,0.150,0.552,0.088,0.375,0.076,0.446,0.362,0.452,0.000,0.045,0.440,0.337,0.102,0.175,0.376,0.277,0.142,0.191,0.119,0.157,0.206,0.386,0.298,0.071,0.100,0.185,0.355,0.143,0.373,0.061,0.455
0.275,0.227,0.263,0.044,0.220,0.000,0.275,0.055,0.938,0.279,0.291,0.597,0.202,0.236,0.184,0.084,0.246,0.345,0.247,0.537,0.549,0.326,0.199,0.400,0.546,0.243,0.195,0.071,0.157,0.160,0.202,0.091,0.205,0.215,0.453,0.294,0.294,0.117,0.169,0.218,0.127,0.327,0.408,0.354,0.183,0.280,0.246,0.264,0.406,0.119,0.181,0.173,0.095,0.096,0.382,0.301,0.234,0.438,0.201,0.499,0.161,0.189,0.281,0.185,0.295,0.213,0.176,0.293,0.286,0.152,0.400
0.447,0.186,0.045,0.128,0.477,0.066,0.325,0.000,0.817,0.102,0.138,1.232,0.260,0.320,0.416,0.117,0.347,0.448,0.280,0.531,0.560,0.316,0.406,0.352,0.730,0.300,0.385,0.079,0.366,0.256,0.063,0.103,0.459,0.208,0.182,0.079,0.397,0.050,0.145,0.452,0.000,0.196,0.387,0.232,0.062,0.388,0.154,0.479,0.000,0.056,0.061,0.060,0.083,0.219,0.156,0.332,0.000,0.047,0.056,0.642,0.068,0.332,0.090,0.332,0.412,0.347,0.058,0.331,0.000,0.000,0.642
0.552,0.458,0.266,0.000,0.503,0.065,0.357,0.056,0.432,0.092,0.221,0.718,0.143,0.191,0.259,0.000,0.231,0.427,0.162,0.499,0.603,0.572,0.331,0.435,0.824,0.165,0.328,0.115,0.349,0.188,0.000,0.076,0.383,0.568,0.533,0.395,0.377,0.147,0.212,0.630,0.000,0.494,0.464,0.152,0.000,0.632,0.000,0.525,0.422,0.120,0.162,0.090,0.051,0.219,0.524,0.339,0.267,0.475,0.055,0.664,0.102,0.363,0.151,0.160,0.581,0.386,0.180,0.256,0.000,0.000,0.759
0.206,0.086,0.153,0.201,0.424,0.089,0.246,0.000,0.789,0.638,0.107,0.871,0.321,0.108,0.342,0.318,0.334,0.189,0.172,0.353,0.879,0.293,0.152,0.194,0.653,0.659,0.159,0.393,0.116,0.220,0.050,0.099,0.232,0.138,0.188,0.200,0.252,0.150,0.142,0.448,0.193,0.253,0.275,0.360,0.235,0.423,0.196,0.294,0.055,0.000,0.172,0.344,0.149,0.318,0.140,0.218,0.103,0.214,0.126,0.773,0.110,0.473,0.230,0.171,0.216,0.370,0.146,0.149,0.187,0.052,0.288
0.493,0.164,0.185,0.370,0.350,0.240,0.266,0.069,0.654,0.221,0.108,0.751,0.407,0.235,0.264,0.131,0.335,0.482,0.216,0.329,0.721,0.128,0.239,0.250,0.978,0.375,0.379,0.262,0.434,0.303,0.059,0.098,0.331,0.216,0.179,0.259,0.309,0.267,0.303,0.440,0.047,0.256,0.388,0.256,0.209,0.310,0.196,0.379,0.063,0.078,0.248,0.261,0.102,0.535,0.188,0.398,0.252,0.156,0.102,0.422,0.122,0.302,0.258,0.083,0.462,0.527,0.290,0.183,0.145,0.069,0.515
0.061,0.198,0.276,0.363,0.327,0.072,0.302,0.083,0.780,0.082,0.161,0.551,1.039,0.255,0.428,0.296,0.350,0.151,0.325,0.291,0.907,0.323,0.079,0.378,0.739,0.287,0.250,0.957,0.307,0.288,0.000,0.000,0.417,0.318,0.359,0.342,0.103,0.244,0.072,0.468,0.231,0.648,0.233,0.196,0.068,0.347,0.000,0.198,0.310,0.290,0.503,0.472,0.225,0.393,0.265,0.295,0.136,0.226,0.197,0.408,0.127,0.319,0.119,0.062,0.389,0.105,0.094,0.384,0.000,0.000,0.247
0.000,0.000,0.127,0.391,0.160,0.000,0.068,0.273,0.476,0.257,0.246,0.731,0.833,0.357,0.117,0.122,0.290,0.194,0.248,0.239,1.273,0.184,0.162,0.218,0.400,0.060,0.178,0.114,0.444,0.084,0.142,0.157,0.185,0.267,0.085,0.249,0.069,0.277,0.103,0.199,0.211,0.457,0.078,0.388,0.488,0.204,0.301,0.181,0.000,0.182,0.342,0.441,0.479,0.225,0.108,0.316,0.000,0.156,0.262,0.296,0.596,0.076,0.053,0.218,0.000,0.000,0.074,0.219,0.187,0.333,0.075
0.000,0.065,0.059,0.290,0.000,0.000,0.319,0.214,0.189,0.000,0.186,0.657,0.543,0.264,0.084,0.074,0.344,0.124,0.200,0.360,0.604,0.096,0.000,0.066,0.449,0.207,0.398,0.079,0.321,0.106,0.159,0.054,0.220,0.333,0.094,0.242,0.000,0.219,0.095,0.263,0.139,0.209,0.000,0.243,0.317,0.195,0.083,0.178,0.000,0.078,0.241,0.540,0.522,0.241,0.089,0.178,0.000,0.051,0.271,0.107,0.071,0.083,0.000,0.000,0.000,0.106,0.230,0.050,0.000,0.155,0.000
0.000,0.037,0.000,0.245,0.058,0.000,0.161,0.000,0.328,0.176,0.068,0.507,0.736,0.139,0.104,0.119,0.240,0.064,0.280,0.131,0.542,0.052,0.116,0.173,0.821,0.162,0.227,0.188,0.484,0.188,0.077,0.079,0.319,0.225,0.000,0.124,0.101,0.070,0.341,0.195,0.000,0.101,0.116,0.176,0.185,0.144,0.106,0.387,0.053,0.000,0.113,0.161,0.487,0.215,0.094,0.156,0.000,0.096,0.177,0.103,0.093,0.070,0.000,0.077,0.000,0.101,0.104,0.000,0.000,0.186,0.050
0.219,0.060,0.000,0.183,0.177,0.086,0.104,0.160,0.292,0.060,0.112,0.726,0.756,0.074,0.091,0.077,0.345,0.109,0.180,0.349,0.604,0.049,0.227,0.152,0.290,0.098,0.157,0.116,0.245,0.342,0.000,0.000,0.172,0.170,0.000,0.182,0.171,0.000,0.174,0.366,0.000,0.072,0.222,0.237,0.067,0.224,0.098,0.094,0.192,0.088,0.090,0.368,0.283,0.180,0.084,0.257,0.140,0.155,0.074,0.239,0.000,0.294,0.183,0.000,0.285,0.339,0.177,0.000,0.000,0.000,0.281
0.323,0.194,0.120,0.155,0.145,0.000,0.385,0.000,0.192,0.061,0.217,0.843,0.742,0.065,0.075,0.121,0.373,0.246,0.080,0.194,0.681,0.296,0.000,0.231,0.268,0.286,0.267,0.093,0.257,0.303,0.073,0.060,0.404,0.524,0.319,0.174,0.350,0.068,0.000,0.284,0.072,0.105,0.000,0.287,0.216,0.400,0.288,0.173,0.070,0.000,0.000,0.837,0.297,0.093,0.065,0.199,0.113,0.047,0.080,0.000,0.000,0.521,0.345,0.000,0.000,0.097,0.000,0.065,0.000,0.000,0.593
0.000,0.000,0.124,0.283,0.000,0.000,0.118,0.069,0.108,0.278,0.146,0.914,1.000,0.120,0.243,0.127,0.291,0.102,0.128,0.000,0.401,0.142,0.184,0.196,0.334,0.343,0.246,0.124,0.249,0.123,0.055,0.000,0.060,0.204,0.133,0.207,0.056,0.087,0.000,0.288,0.000,0.088,0.093,0.686,0.183,0.282,0.228,0.275,0.000,0.088,0.000,0.652,0.194,0.142,0.064,0.165,0.228,0.158,0.140,0.140,0.137,0.166,0.180,0.305,0.909,0.000,0.000,0.089,0.000,0.076,0.285
0.000,0.227,0.084,0.347,0.068,0.202,0.162,0.082,0.114,0.351,0.076,0.648,0.780,0.165,0.090,0.121,0.355,0.182,0.113,0.000,0.395,0.040,0.154,0.124,0.598,0.071,0.165,0.105,0.269,0.255,0.075,0.056,0.250,0.121,0.070,0.097,0.162,0.000,0.093,0.138,0.000,0.000,0.059,0.499,0.163,0.127,0.000,0.079,0.000,0.191,0.000,0.726,0.270,0.075,0.000,0.333,0.063,0.000,0.125,0.062,0.250,0.119,0.199,0.223,0.180,0.000,0.084,0.090,0.000,0.000,0.341
0.000,0.186,0.000,0.306,0.104,0.101,0.000,0.385,0.128,0.197,0.260,0.405,1.140,0.275,0.074,0.209,0.374,0.109,0.318,0.395,0.086,0.538,0.299,0.206,0.372,0.226,0.261,0.128,0.448,0.304,0.296,0.094,0.263,0.448,0.331,0.237,0.000,0.106,0.251,0.340,0.165,0.389,0.377,0.486,0.222,0.236,0.324,0.118,0.378,0.000,0.000,0.679,0.404,0.392,0.340,0.285,0.213,0.394,0.336,0.139,0.183,0.593,0.375,0.070,0.000,0.180,0.251,0.170,0.000,0.168,0.548
0.317,0.364,0.076,0.184,0.069,0.230,0.076,0.736,0.127,0.362,0.268,0.629,1.182,0.102,0.200,0.240,0.230,0.150,0.386,0.232,0.317,0.000,0.058,0.167,0.507,0.102,0.153,0.116,0.243,0.396,0.080,0.000,0.229,0.506,0.000,0.175,0.246,0.142,0.285,0.222,0.166,0.000,0.000,0.420,0.072,0.231,0.000,0.090,0.110,0.000,0.000,0.903,0.440,0.084,0.255,0.450,0.077,0.198,0.070,0.089,0.099,0.076,0.461,0.072,0.105,0.349,0.000,0.197,0.342,0.079,0.620
0.075,0.313,0.000,0.240,0.000,0.353,0.000,0.536,0.094,0.064,0.241,0.755,0.675,0.141,0.416,0.102,0.101,0.000,0.299,0.169,0.313,0.057,0.129,0.110,0.755,0.081,0.172,0.000,0.331,0.199,0.147,0.000,0.179,0.389,0.317,0.000,0.064,0.068,0.000,0.550,0.140,0.000,0.000,0.372,0.378,0.266,0.276,0.000,0.000,0.000,0.000,0.972,0.318,0.170,0.000,0.411,0.154,0.279,0.082,0.083,0.146,0.350,0.286,0.085,0.087,0.207,0.000,0.176,0.000,0.093,0.220
0.169,0.211,0.148,0.489,0.121,0.106,0.096,0.620,0.140,0.313,0.219,0.532,0.825,0.315,0.846,0.433,0.228,0.289,0.335,0.090,0.187,0.141,0.257,0.262,0.624,0.218,0.311,0.254,0.365,0.289,0.304,0.185,0.285,0.222,0.000,0.060,0.111,0.207,0.156,0.283,0.308,0.000,0.090,0.568,0.728,0.596,0.628,0.214,0.000,0.185,0.227,0.730,0.235,0.169,0.000,0.579,0.265,0.129,0.239,0.183,0.420,0.315,0.386,0.207,0.119,0.109,0.102,0.066,0.000,0.087,0.268
0.130,0.146,0.105,0.000,0.000,0.093,0.000,0.187,0.120,0.144,0.000,0.638,0.930,0.095,0.453,0.122,0.349,0.000,0.238,0.092,0.000,0.000,0.000,0.000,0.722,0.000,0.065,0.000,0.136,0.079,0.000,0.067,0.321,0.147,0.000,0.000,0.091,0.000,0.291,0.432,0.134,0.000,0.062,0.307,0.062,0.260,0.000,0.000,0.000,0.000,0.000,0.710,0.131,0.000,0.000,0.290,0.000,0.000,0.076,0.000,0.229,0.258,0.328,0.179,0.000,0.000,0.121,0.063,0.141,0.000,0.356
0.106,0.141,0.235,0.000,0.000,0.000,0.000,0.000,0.152,0.550,0.000,0.457,1.342,0.295,0.572,0.321,0.140,0.051,0.267,0.000,0.191,0.000,0.059,0.053,0.349,0.000,0.065,0.000,0.191,0.086,0.082,0.000,0.451,0.216,0.000,0.000,0.000,0.000,0.187,0.638,0.000,0.000,0.000,0.531,0.086,0.410,0.142,0.000,0.000,0.000,0.219,0.544,0.378,0.070,0.000,0.280,0.000,0.064,0.092,0.074,0.327,0.072,0.263,0.070,0.000,0.200,0.180,0.083,0.191,0.208,0.153
0.090,0.158,0.273,0.305,0.179,0.340,0.305,0.211,0.122,0.295,0.000,0.684,1.002,0.356,0.501,0.210,0.000,0.127,0.274,0.094,0.104,0.174,0.180,0.219,0.833,0.074,0.537,0.000,0.425,0.141,0.336,0.183,0.337,0.236,0.126,0.053,0.537,0.288,0.455,0.412,0.269,0.096,0.064,0.427,0.372,0.200,0.320,0.424,0.000,0.328,0.595,0.693,0.562,0.000,0.077,0.517,0.193,0.138,0.314,0.000,0.573,0.477,0.471,0.241,0.108,0.211,0.434,0.183,0.401,0.195,0.621
0.058,0.311,0.254,0.312,0.454,0.143,0.498,0.000,0.324,0.787,0.552,0.526,0.729,0.314,0.655,0.202,0.264,0.509,0.312,0.056,0.182,0.057,0.349,0.327,0.486,0.000,0.477,0.134,0.188,0.220,0.186,0.293,0.726,0.203,0.355,0.359,0.318,0.155,0.229,0.468,0.279,0.077,0.129,0.495,0.103,0.277,0.383,0.338,0.166,0.000,0.235,0.727,0.458,0.311,0.140,0.407,0.234,0.331,0.194,0.279,0.223,0.069,0.315,0.241,0.000,0.184,0.321,0.000,0.138,0.102,0.328
0.188,0.000,0.000,0.111,0.000,0.000,0.344,0.000,0.000,0.503,0.096,0.391,0.966,0.333,1.192,0.383,0.132,0.202,0.000,0.000,0.086,0.118,0.250,0.110,0.498,0.180,0.081,0.086,0.220,0.000,0.157,0.185,0.563,0.097,0.465,0.161,0.409,0.163,0.309,0.563,0.255,0.077,0.000,0.315,0.077,0.232,0.166,0.000,0.000,0.000,0.104,0.545,0.328,0.000,0.000,0.183,0.176,0.195,0.084,0.000,0.158,0.242,0.244,0.081,0.000,0.125,0.201,0.259,0.231,0.000,0.636
0.243,0.134,0.380,0.276,0.303,0.310,0.000,0.103,0.347,0.710,0.327,0.586,0.921,0.312,1.107,0.517,0.198,0.000,0.322,0.140,0.000,0.265,0.173,0.380,0.359,0.080,0.249,0.333,0.068,0.107,0.198,0.286,0.517,0.166,0.099,0.239,0.220,0.057,0.454,0.429,0.213,0.259,0.096,0.348,0.141,0.290,0.000,0.275,0.164,0.000,0.374,0.835,0.321,0.157,0.118,0.181,0.213,0.298,0.412,0.000,0.165,0.352,0.446,0.061,0.099,0.087,0.156,0.282,0.425,0.082,0.710
0.242,0.281,0.000,0.359,0.363,0.545,0.412,0.250,0.000,0.756,0.182,0.516,1.020,0.722,0.997,0.200,0.220,0.479,0.000,0.269,0.350,0.227,0.313,0.251,0.212,0.267,0.292,0.000,0.336,0.000,0.384,0.389,0.585,0.225,0.303,0.191,0.467,0.354,0.229,0.665,0.354,0.243,0.216,0.517,0.439,0.297,0.386,0.170,0.000,0.385,0.129,0.317,0.424,0.074,0.093,0.075,0.336,0.282,0.447,0.059,0.462,0.543,0.239,0.601,0.345,0.449,0.000,0.358,0.139,0.312,0.560
0.116,0.000,0.187,0.302,0.241,0.182,0.420,0.000,0.000,0.794,0.079,0.612,1.542,0.304,0.838,0.107,0.464,0.456,0.000,0.191,0.000,0.088,0.280,0.417,0.141,0.000,0.299,0.000,0.187,0.135,0.074,0.144,0.787,0.236,0.151,0.070,0.336,0.227,0.163,0.190,0.192,0.110,0.000,0.386,0.110,0.081,0.000,0.261,0.000,0.204,0.126,0.425,0.667,0.181,0.000,0.427,0.222,0.351,0.166,0.216,0.169,0.233,0.353,0.472,0.000,0.394,0.072,0.105,0.132,0.095,0.480
0.206,0.066,0.085,0.114,0.190,0.236,0.271,0.000,0.000,0.860,0.150,0.620,1.297,0.386,0.980,0.237,0.171,0.208,0.000,0.000,0.000,0.135,0.432,0.188,0.111,0.000,0.156,0.120,0.089,0.058,0.056,0.094,0.450,0.279,0.422,0.180,0.220,0.166,0.302,0.628,0.068,0.583,0.097,0.309,0.135,0.233,0.124,0.201,0.105,0.273,0.000,0.669,0.330,0.257,0.071,0.207,0.243,0.167,0.192,0.182,0.356,0.260,0.159,0.369,0.114,0.320,0.063,0.117,0.128,0.290,0.370
0.000,0.000,0.067,0.000,0.077,0.472,0.184,0.000,0.000,0.715,0.081,0.745,1.511,0.342,0.713,0.283,0.183,0.220,0.000,0.086,0.372,0.000,0.279,0.103,0.209,0.141,0.000,0.000,0.000,0.159,0.176,0.056,0.353,0.181,0.213,0.131,0.168,0.054,0.112,0.457,0.000,0.196,0.000,0.272,0.257,0.192,0.000,0.000,0.000,0.189,0.123,0.744,0.494,0.156,0.000,0.152,0.208,0.178,0.299,0.265,0.000,0.174,0.285,0.324,0.118,0.469,0.077,0.117,0.144,0.000,0.269
0.110,0.115,0.150,0.073,0.541,0.115,0.729,0.139,0.000,0.562,0.139,0.741,1.769,0.327,0.824,0.097,0.377,0.590,0.000,0.000,0.118,0.052,0.556,0.584,0.543,0.213,0.495,0.000,0.084,0.485,0.069,0.137,0.943,0.302,0.273,0.194,0.532,0.177,0.000,0.264,0.144,0.087,0.000,0.377,0.169,0.088,0.103,0.380,0.143,0.105,0.167,0.700,0.074,0.471,0.080,0.624,0.480,0.410,0.099,0.648,0.148,0.209,0.284,0.312,0.000,0.251,0.416,0.197,0.147,0.000,0.223
0.076,0.000,0.241,0.065,0.301,0.129,0.609,0.000,0.000,0.613,0.236,0.498,1.321,0.265,0.954,0.000,0.153,0.133,0.157,0.077,0.000,0.000,0.532,0.256,0.267,0.279,0.258,0.000,0.000,0.255,0.000,0.080,0.543,0.282,0.104,0.154,0.000,0.119,0.279,0.426,0.000,0.113,0.000,0.455,0.119,0.073,0.000,0.377,0.000,0.342,0.359,0.936,0.000,0.211,0.000,0.362,0.370,0.168,0.235,0.449,0.117,0.266,0.221,0.168,0.099,0.426,0.000,0.196,0.137,0.000,0.279
0.104,0.000,0.242,0.075,0.380,0.102,0.240,0.343,0.000,0.860,0.154,0.445,1.366,0.654,0.889,0.096,0.097,0.426,0.146,0.101,0.136,0.000,0.141,0.283,0.120,0.144,0.124,0.000,0.000,0.072,0.072,0.115,0.600,0.284,0.090,0.260,0.453,0.246,0.189,0.226,0.073,0.268,0.102,0.331,0.091,0.076,0.000,0.092,0.000,0.096,0.000,0.754,0.000,0.070,0.000,0.340,0.333,0.133,0.103,0.245,0.269,0.098,0.401,0.174,0.000,0.410,0.330,0.117,0.136,0.000,0.342
0.440,0.141,0.385,0.276,0.199,0.270,0.474,0.420,0.000,0.471,0.381,0.515,1.320,0.320,0.961,0.176,0.143,0.161,0.247,0.458,0.213,0.438,0.163,0.261,0.346,0.426,0.361,0.000,0.440,0.188,0.325,0.456,0.533,0.323,0.318,0.251,0.361,0.312,0.354,0.837,0.350,0.313,0.567,0.439,0.349,0.383,0.126,0.301,0.254,0.362,0.124,0.817,0.335,0.299,0.303,0.286,0.279,0.276,0.424,0.263,0.505,0.614,0.443,0.357,0.336,0.589,0.465,0.360,0.359,0.441,0.683
0.000,0.120,0.099,0.069,0.184,0.210,0.297,0.534,0.100,0.224,0.000,0.434,0.644,0.276,0.347,0.000,0.112,0.292,0.000,0.171,0.000,0.128,0.358,0.189,0.059,0.165,0.207,0.207,0.181,0.164,0.253,0.137,0.589,0.289,0.277,0.232,0.129,0.281,0.334,0.266,0.236,0.484,0.433,0.204,0.256,0.000,0.085,0.084,0.272,0.182,0.000,0.588,0.061,0.197,0.134,0.295,0.432,0.198,0.295,0.198,0.281,0.516,0.369,0.273,0.000,0.458,0.382,0.000,0.096,0.088,0.577
0.450,0.750,0.334,0.252,0.462,0.133,0.499,0.121,0.107,0.570,0.230,0.804,1.059,0.279,0.801,0.189,0.428,0.291,0.000,0.602,0.104,0.165,0.317,0.358,0.402,0.154,0.379,0.000,0.000,0.425,0.182,0.271,0.561,0.238,0.175,0.197,0.406,0.205,0.471,0.262,0.189,0.123,0.325,0.295,0.154,0.501,0.000,0.342,0.819,0.244,0.136,0.213,0.069,0.565,0.693,0.293,0.461,0.652,0.103,0.388,0.081,0.000,0.465,0.249,0.098,0.361,0.649,0.198,0.141,0.082,0.368
0.000,0.085,0.297,0.000,0.322,0.235,0.435,0.000,0.099,0.319,0.185,0.513,1.519,0.072,0.364,0.227,0.200,0.274,0.000,0.251,0.130,0.109,0.148,0.192,0.373,0.287,0.213,0.146,0.000,0.399,0.143,0.366,0.480,0.209,0.131,0.147,0.187,0.114,0.501,0.127,0.150,0.192,0.260,0.153,0.100,0.000,0.233,0.213,0.089,0.338,0.300,0.201,0.000,0.252,0.164,0.257,0.432,0.177,0.122,0.351,0.091,0.118,0.730,0.215,0.000,0.415,0.253,0.650,0.125,0.114,0.513
0.000,0.000,0.381,0.000,0.125,0.000,0.120,0.000,0.000,0.118,0.068,0.312,0.760,0.170,0.122,0.000,0.047,0.054,0.079,0.000,0.000,0.000,0.050,0.000,0.560,0.196,0.134,0.075,0.000,0.000,0.083,0.148,0.295,0.152,0.070,0.383,0.060,0.000,0.442,0.096,0.166,0.065,0.105,0.188,0.105,0.000,0.075,0.046,0.064,0.281,0.000,0.076,0.082,0.186,0.000,0.121,0.344,0.055,0.198,0.068,0.183,0.224,0.322,0.067,0.000,0.385,0.299,0.281,0.102,0.000,0.341
0.368,0.099,0.251,0.069,0.547,0.271,0.341,0.147,0.000,0.146,0.383,0.762,1.484,0.241,0.168,0.103,0.244,0.207,0.000,0.323,0.134,0.205,0.260,0.195,0.277,0.475,0.334,0.000,0.000,0.229,0.146,0.229,0.554,0.173,0.320,0.166,0.215,0.060,0.568,0.391,0.085,0.283,0.402,0.145,0.212,0.159,0.000,0.299,0.237,0.665,0.105,0.483,0.089,0.478,0.330,0.411,0.322,0.221,0.211,0.496,0.157,0.250,0.657,0.515,0.355,0.498,0.425,0.766,0.138,0.225,0.215
0.000,0.384,0.144,0.144,0.481,0.334,0.338,0.733,0.112,0.240,0.263,0.426,0.875,0.283,0.436,0.245,0.231,0.247,0.303,0.283,0.389,0.287,0.382,0.000,0.491,0.222,0.401,0.000,0.475,0.242,0.393,0.266,0.502,0.432,0.364,0.255,0.000,0.313,0.357,0.451,0.409,0.122,0.000,0.423,0.428,0.383,0.000,0.325,0.257,0.131,0.149,0.336,0.362,0.434,0.533,0.085,0.521,0.315,0.611,0.155,0.389,0.417,0.634,0.192,0.095,0.248,0.389,0.577,0.484,0.253,0.520
0.081,0.066,0.074,0.073,0.379,0.000,0.105,0.138,0.000,0.083,0.080,0.344,0.796,0.161,0.116,0.000,0.000,0.000,0.000,0.080,1.050,0.131,0.000,0.000,0.079,0.362,0.120,0.571,0.000,0.000,0.000,0.129,0.482,0.155,0.262,0.138,0.151,0.068,0.246,0.124,0.101,0.090,0.100,0.000,0.112,0.072,0.130,0.000,0.162,0.224,0.150,0.142,0.087,0.146,0.108,0.104,0.181,0.063,0.165,0.109,0.146,0.149,0.470,0.106,0.000,0.186,0.475,0.352,0.124,0.000,0.420
0.244,0.000,0.270,0.165,0.518,0.111,0.149,0.182,0.000,0.000,0.000,0.492,1.025,0.109,0.242,0.000,0.085,0.076,0.000,0.164,1.041,0.356,0.055,0.062,0.180,0.484,0.142,0.609,0.124,0.087,0.076,0.202,0.382,0.086,0.453,0.064,0.075,0.000,0.315,0.290,0.000,0.000,0.232,0.190,0.077,0.130,0.110,0.083,0.112,0.389,0.367,0.553,0.000,0.214,0.000,0.120,0.149,0.000,0.090,0.068,0.147,0.236,0.610,0.186,0.173,0.434,0.287,0.244,0.111,0.000,0.220
0.432,0.000,0.303,0.084,0.168,0.000,0.050,0.272,0.000,0.133,0.067,0.222,0.626,0.528,0.095,0.000,0.000,0.042,0.000,0.370,0.891,0.324,0.941,0.044,0.125,0.504,0.120,0.527,0.000,0.000,0.153,0.160,0.184,0.105,0.000,0.145,0.042,0.172,0.216,0.550,0.131,0.000,0.375,0.067,0.000,0.260,0.000,0.000,0.116,0.298,0.261,0.531,0.070,0.088,0.000,0.048,0.237,0.093,0.326,0.000,0.157,0.428,0.383,0.309,0.379,0.465,0.243,0.173,0.242,0.095,0.367
0.000,0.000,0.413,0.069,0.311,0.000,0.196,0.289,0.000,0.123,0.071,0.265,1.016,0.243,0.222,0.000,0.000,0.000,0.000,0.000,0.817,0.135,1.242,0.000,0.155,0.422,0.000,0.366,0.079,0.000,0.229,0.153,0.176,0.099,0.342,0.158,0.000,0.052,0.215,0.090,0.077,0.000,0.109,0.133,0.176,0.000,0.000,0.000,0.126,0.345,0.266,0.425,0.173,0.158,0.000,0.087,0.128,0.112,0.251,0.000,0.351,0.317,0.774,0.080,0.000,0.381,0.188,0.130,0.105,0.167,0.190
0.000,0.105,0.984,0.091,0.149,0.000,0.058,0.145,0.000,0.367,0.000,0.264,0.815,0.174,0.351,0.000,0.000,0.000,0.000,0.000,1.195,0.112,0.407,0.156,0.188,0.287,0.000,0.000,0.000,0.071,0.000,0.000,0.191,0.297,0.000,0.072,0.000,0.000,0.302,0.099,0.000,0.000,0.000,0.357,0.000,0.000,0.293,0.081,0.174,0.281,1.229,0.332,0.000,0.137,0.000,0.221,0.067,0.000,0.000,0.000,0.179,0.276,0.427,0.095,0.000,0.397,0.097,0.202,0.134,0.000,0.344
0.000,0.000,0.742,0.000,0.299,0.000,0.143,0.204,0.183,0.067,0.207,0.080,0.534,0.000,0.199,0.000,0.000,0.066,0.000,0.000,0.742,0.065,0.693,0.000,0.258,0.532,0.142,0.187,0.134,0.070,0.071,0.000,0.335,0.328,0.000,0.195,0.000,0.000,0.224,0.100,0.000,0.173,0.000,0.141,0.000,0.131,0.000,0.138,0.000,0.273,0.691,0.269,0.000,0.269,0.000,0.222,0.133,0.000,0.138,0.072,0.075,0.610,0.391,0.202,0.000,0.192,0.219,0.388,0.135,0.000,0.343
0.000,0.000,0.679,0.000,0.304,0.000,0.143,0.203,0.184,0.067,0.206,0.152,0.736,0.000,0.069,0.000,0.000,0.066,0.000,0.000,0.667,0.066,0.347,0.000,0.286,0.542,0.140,0.190,0.136,0.073,0.070,0.000,0.336,0.327,0.000,0.197,0.000,0.000,0.222,0.099,0.000,0.174,0.208,0.140,0.000,0.132,0.000,0.073,0.000,0.276,1.395,0.338,0.000,0.200,0.000,0.223,0.200,0.138,0.139,0.072,0.074,0.607,0.393,0.203,0.000,0.207,0.220,0.390,0.134,0.000,0.359
0.000,0.000,0.605,0.000,0.303,0.000,0.143,0.205,0.375,0.000,0.207,0.151,0.469,0.065,0.000,0.000,0.000,0.066,0.000,0.000,0.666,0.000,0.276,0.000,0.451,0.546,0.140,0.000,0.067,0.069,0.070,0.000,0.336,0.328,0.000,0.139,0.069,0.000,0.223,0.199,0.000,0.178,0.200,0.074,0.000,0.131,0.000,0.139,0.000,0.275,1.032,0.341,0.000,0.136,0.000,0.297,0.067,0.070,0.140,0.073,0.000,0.604,0.329,0.140,0.209,0.198,0.222,0.394,0.199,0.000,0.340
0.000,0.000,0.670,0.000,0.301,0.000,0.144,0.102,0.000,0.000,0.136,0.151,0.463,0.068,0.000,0.000,0.000,0.066,0.000,0.000,0.807,0.000,0.288,0.000,0.449,0.535,0.139,0.000,0.068,0.069,0.210,0.000,0.333,0.329,0.000,0.186,0.069,0.000,0.225,0.097,0.000,0.343,0.100,0.139,0.139,0.131,0.000,0.138,0.000,0.205,1.235,0.339,0.069,0.133,0.000,0.299,0.000,0.000,0.137,0.077,0.000,0.500,0.391,0.136,0.200,0.195,0.223,0.328,0.132,0.000,0.398
0.000,0.000,0.607,0.000,0.301,0.000,0.147,0.000,0.000,0.000,0.203,0.152,0.397,0.130,0.130,0.000,0.000,0.066,0.000,0.000,0.815,0.000,0.274,0.000,0.389,0.521,0.156,0.000,0.068,0.076,0.353,0.000,0.333,0.264,0.000,0.186,0.069,0.000,0.226,0.103,0.000,0.343,0.102,0.139,0.138,0.132,0.000,0.138,0.000,0.204,0.692,0.337,0.000,0.000,0.000,0.298,0.000,0.000,0.068,0.073,0.000,0.503,0.393,0.136,0.202,0.193,0.225,0.330,0.133,0.000,0.591
0.000,0.000,0.606,0.000,0.301,0.000,0.144,0.000,0.000,0.067,0.134,0.166,0.331,0.064,0.130,0.000,0.000,0.132,0.000,0.000,0.891,0.130,0.345,0.000,0.364,0.518,0.155,0.000,0.067,0.070,0.209,0.000,0.325,0.261,0.000,0.185,0.137,0.000,0.149,0.094,0.000,0.344,0.200,0.136,0.069,0.198,0.000,0.207,0.000,0.135,0.350,0.269,0.000,0.000,0.000,0.295,0.000,0.000,0.067,0.073,0.000,0.594,0.456,0.137,0.201,0.195,0.296,0.330,0.145,0.000,0.626
0.102,0.000,0.524,0.000,0.325,0.000,0.148,0.000,0.000,0.067,0.135,0.181,0.398,0.063,0.130,0.000,0.000,0.132,0.000,0.000,0.948,0.126,0.276,0.000,0.289,0.674,0.143,0.000,0.067,0.068,0.205,0.065,0.395,0.258,0.000,0.264,0.139,0.000,0.146,0.186,0.000,0.172,0.198,0.136,0.070,0.131,0.000,0.225,0.000,0.134,0.344,0.269,0.000,0.067,0.000,0.291,0.000,0.000,0.067,0.073,0.000,0.394,0.450,0.136,0.200,0.199,0.226,0.267,0.197,0.000,0.659
0.000,0.000,0.522,0.000,0.305,0.000,0.148,0.000,0.370,0.067,0.136,0.298,0.401,0.000,0.194,0.000,0.000,0.132,0.000,0.000,1.094,0.126,0.281,0.000,0.329,0.533,0.137,0.000,0.067,0.068,0.207,0.130,0.328,0.331,0.000,0.265,0.138,0.000,0.148,0.185,0.064,0.167,0.199,0.139,0.070,0.131,0.000,0.224,0.000,0.134,0.000,0.269,0.000,0.000,0.000,0.232,0.000,0.069,0.000,0.072,0.068,0.392,0.383,0.137,0.000,0.196,0.224,0.268,0.197,0.000,0.593
0.000,0.000,0.523,0.000,0.303,0.000,0.146,0.000,0.000,0.133,0.134,0.297,0.466,0.064,0.195,0.000,0.000,0.131,0.000,0.000,1.096,0.063,0.280,0.213,0.197,0.351,0.137,0.000,0.135,0.068,0.209,0.129,0.266,0.191,0.000,0.266,0.136,0.000,0.147,0.186,0.063,0.171,0.100,0.070,0.070,0.131,0.000,0.213,0.000,0.197,0.000,0.216,0.000,0.000,0.000,0.219,0.000,0.000,0.068,0.072,0.000,0.394,0.259,0.133,0.000,0.384,0.219,0.281,0.191,0.000,0.592
0.000,0.000,0.328,0.000,0.369,0.000,0.288,0.000,0.000,0.066,0.133,0.446,0.472,0.127,0.260,0.000,0.000,0.457,0.000,0.000,1.026,0.000,0.417,0.471,0.196,0.355,0.137,0.000,0.136,0.000,0.275,0.129,0.398,0.190,0.169,0.199,0.286,0.000,0.148,0.520,0.131,0.172,0.120,0.336,0.206,0.129,0.000,0.349,0.000,0.198,0.000,0.205,0.069,0.000,0.000,0.218,0.000,0.000,0.067,0.073,0.000,0.394,0.259,0.133,0.000,0.193,0.220,0.302,0.254,0.068,0.594
0.095,0.070,0.331,0.066,0.287,0.000,0.350,0.696,0.000,0.066,0.325,0.517,0.401,0.061,0.318,0.000,0.000,0.456,0.000,0.000,1.026,0.000,0.398,0.457,0.331,0.353,0.137,0.000,0.135,0.068,0.208,0.066,0.392,0.316,0.170,0.199,0.205,0.000,0.074,0.314,0.125,0.175,0.097,0.273,0.206,0.196,0.000,0.280,0.000,0.198,0.000,0.215,0.000,0.066,0.000,0.219,0.000,0.068,0.136,0.071,0.134,0.577,0.258,0.135,0.000,0.000,0.243,0.265,0.611,0.136,0.590
0.098,0.070,0.349,0.067,0.286,0.000,0.359,0.708,0.200,0.134,0.268,0.571,0.545,0.062,0.386,0.000,0.000,0.691,0.000,0.000,0.960,0.000,0.408,0.317,0.388,0.180,0.137,0.000,0.079,0.137,0.210,0.128,0.327,0.269,0.000,0.266,0.136,0.000,0.075,0.328,0.124,0.182,0.101,0.383,0.158,0.229,0.000,0.345,0.000,0.131,0.175,0.349,0.071,0.066,0.000,0.220,0.000,0.066,0.135,0.072,0.197,0.680,0.250,0.198,0.000,0.000,0.170,0.261,0.389,0.134,0.686
0.157,0.119,0.336,0.076,0.213,0.000,0.470,1.581,0.178,0.265,0.256,0.491,0.741,0.062,0.647,0.000,0.061,0.691,0.000,0.000,1.038,0.074,0.408,0.445,0.420,0.167,0.149,0.000,0.077,0.158,0.133,0.071,0.372,0.266,0.000,0.233,0.127,0.000,0.079,0.445,0.123,0.177,0.086,0.383,0.232,0.229,0.000,0.462,0.176,0.147,0.175,0.403,0.135,0.062,0.000,0.294,0.000,0.065,0.263,0.079,0.195,0.832,0.250,0.209,0.000,0.000,0.199,0.309,0.314,0.131,0.795
0.157,0.137,0.370,0.073,0.181,0.000,0.571,1.581,0.178,0.435,0.309,0.491,0.989,0.071,0.719,0.000,0.080,0.557,0.000,0.000,0.974,0.072,0.387,0.427,0.314,0.193,0.086,0.000,0.088,0.078,0.436,0.000,0.372,0.266,0.173,0.233,0.153,0.290,0.084,0.559,0.145,0.396,0.117,0.485,0.428,0.236,0.000,0.513,0.196,0.234,0.424,0.403,0.169,0.062,0.000,0.294,0.000,0.000,0.157,0.079,0.239,1.109,0.478,0.204,0.000,0.000,0.212,0.440,0.377,0.153,1.179
0.416,0.205,0.293,0.074,0.349,0.000,0.678,1.762,0.418,0.435,0.522,0.676,1.279,0.070,0.784,0.000,0.083,0.439,0.000,0.000,1.122,0.156,0.472,0.339,0.371,0.197,0.153,0.207,0.171,0.000,0.716,0.145,0.241,0.340,0.173,0.198,0.150,0.415,0.279,0.568,0.145,0.588,0.251,0.493,0.359,0.245,0.000,0.504,0.183,0.215,0.394,0.328,0.164,0.074,0.000,0.359,0.309,0.000,0.231,0.088,0.233,1.149,0.395,0.202,0.000,0.000,0.212,0.764,0.377,0.304,0.946
0.096,0.203,0.276,0.069,0.352,0.000,0.486,1.554,0.193,0.441,0.508,0.936,1.279,0.070,0.721,0.000,0.080,0.655,0.124,0.000,1.018,0.145,0.499,0.410,0.523,0.201,0.225,0.207,0.164,0.000,0.425,0.214,0.443,0.257,0.161,0.260,0.150,0.415,0.095,0.557,0.352,0.382,0.217,0.357,0.359,0.230,0.000,0.504,0.364,0.207,0.397,0.328,0.247,0.148,0.000,0.328,0.267,0.000,0.151,0.187,0.307,1.149,0.468,0.124,0.582,0.172,0.287,0.972,0.478,0.368,1.113
0.092,0.199,0.283,0.069,0.412,0.000,0.486,1.492,0.193,0.743,1.032,0.879,1.158,0.072,0.643,0.000,0.157,0.776,0.124,0.000,1.164,0.143,0.729,0.410,0.602,0.331,0.506,0.404,0.160,0.000,0.505,0.216,0.445,0.257,0.150,0.260,0.147,0.344,0.095,0.684,0.360,0.310,0.212,0.357,0.254,0.227,0.202,0.543,0.373,0.207,0.191,0.489,0.247,0.148,0.000,0.731,0.139,0.000,0.154,0.251,0.330,1.090,0.396,0.124,0.362,0.156,0.265,1.035,0.690,0.358,1.001
